{
	"song": {
		"player1": "bf-pixel-cam",
		"player2": "pere",
		"notes": [
			{
				"lengthInSteps": 16,
				"sectionNotes": [
					[
						306.122448979592,
						0,
						0
					],
					[
						459.183673469388,
						3,
						0
					],
					[
						612.244897959184,
						2,
						0
					],
					[
						765.30612244898,
						3,
						0
					],
					[
						918.367346938776,
						0,
						0
					],
					[
						1071.42857142857,
						2,
						0
					],
					[
						1224.48979591837,
						0,
						0
					],
					[
						1377.55102040816,
						3,
						0
					],
					[
						1530.61224489796,
						1,
						0
					],
					[
						2295.91836734694,
						0,
						0
					],
					[
						0,
						-1,
						"handlerUndertale",
						"balance",
						""
					],
					[
						306.122448979592,
						-1,
						"handlerTextBox",
						"",
						""
					]
				],
				"mustHitSection": false
			},
			{
				"lengthInSteps": 16,
				"sectionNotes": [
					[
						2448.97959183673,
						3,
						0
					],
					[
						2602.04081632653,
						0,
						0
					],
					[
						2755.10204081633,
						2,
						0
					],
					[
						3019.13265306122,
						2,
						0
					],
					[
						3367.34693877551,
						1,
						0
					],
					[
						3520.40816326531,
						3,
						0
					],
					[
						3627.55102040816,
						0,
						0
					],
					[
						3826.5306122449,
						1,
						0
					],
					[
						3979.59183673469,
						2,
						0
					],
					[
						4190.05102040816,
						0,
						0
					]
				],
				"mustHitSection": false
			},
			{
				"lengthInSteps": 16,
				"sectionNotes": [
					[
						5051.02040816326,
						1,
						0
					],
					[
						5204.08163265306,
						3,
						0
					],
					[
						5307.39795918367,
						2,
						0
					],
					[
						5510.20408163265,
						0,
						0
					],
					[
						5609.69387755102,
						1,
						0
					],
					[
						5816.32653061224,
						3,
						0
					],
					[
						5969.38775510204,
						2,
						0
					],
					[
						6122.44897959184,
						0,
						0
					],
					[
						6321.42857142857,
						3,
						0
					],
					[
						6428.57142857143,
						0,
						0
					],
					[
						6581.63265306122,
						2,
						0
					]
				],
				"mustHitSection": false
			},
			{
				"lengthInSteps": 16,
				"sectionNotes": [
					[
						7500,
						1,
						0
					],
					[
						7653.0612244898,
						2,
						0
					],
					[
						7737.24489795918,
						0,
						0
					],
					[
						7806.12244897959,
						3,
						0
					],
					[
						7886.47959183673,
						1,
						0
					],
					[
						8112.24489795918,
						2,
						0
					],
					[
						8265.30612244898,
						0,
						0
					],
					[
						8418.36734693878,
						3,
						0
					],
					[
						8506.37755102041,
						1,
						0
					],
					[
						8571.42857142857,
						2,
						0
					],
					[
						8877.55102040816,
						0,
						0
					],
					[
						9183.67346938776,
						-1,
						"boxOpen",
						"",
						""
					]
				],
				"mustHitSection": false
			},
			{
				"lengthInSteps": 16,
				"sectionNotes": [
					[
						10102.0408163265,
						6,
						0
					],
					[
						10255.1020408163,
						4,
						0
					],
					[
						10408.1632653061,
						5,
						0
					],
					[
						10714.2857142857,
						4,
						0
					],
					[
						10867.3469387755,
						7,
						0
					],
					[
						11173.4693877551,
						5,
						0
					],
					[
						11326.5306122449,
						6,
						0
					],
					[
						11479.5918367347,
						4,
						0
					],
					[
						11632.6530612245,
						7,
						306.122448979592
					],
					[
						9795.91836734694,
						-1,
						"setAttack",
						"hops",
						"reset"
					]
				],
				"mustHitSection": true
			},
			{
				"lengthInSteps": 16,
				"sectionNotes": [
					[
						12551.0204081633,
						4,
						0
					],
					[
						12704.0816326531,
						5,
						0
					],
					[
						12857.1428571429,
						6,
						0
					],
					[
						13010.2040816327,
						5,
						0
					],
					[
						13163.2653061224,
						7,
						0
					],
					[
						13316.3265306122,
						4,
						0
					],
					[
						13469.387755102,
						6,
						0
					],
					[
						13622.4489795918,
						7,
						0
					],
					[
						13775.5102040816,
						5,
						0
					],
					[
						13928.5714285714,
						4,
						0
					],
					[
						14234.693877551,
						4,
						0
					],
					[
						14387.7551020408,
						6,
						0
					],
					[
						14081.6326530612,
						7,
						0
					],
					[
						14540.8163265306,
						5,
						0
					],
					[
						12244.8979591837,
						-1,
						"boxOpen",
						"bluehops",
						""
					]
				],
				"mustHitSection": true
			},
			{
				"lengthInSteps": 16,
				"sectionNotes": [
					[
						14693.8775510204,
						7,
						153.061224489796
					],
					[
						15000,
						6,
						0
					],
					[
						15153.0612244898,
						4,
						0
					],
					[
						15459.1836734694,
						5,
						0
					],
					[
						15612.2448979592,
						4,
						0
					],
					[
						15765.306122449,
						7,
						0
					],
					[
						15918.3673469388,
						6,
						0
					],
					[
						16071.4285714286,
						5,
						0
					],
					[
						16224.4897959184,
						7,
						0
					],
					[
						16530.612244898,
						4,
						306.122448979592
					],
					[
						15918.3673469388,
						-1,
						"setAttack",
						"leftrng",
						""
					]
				],
				"mustHitSection": true
			},
			{
				"lengthInSteps": 16,
				"sectionNotes": [
					[
						17295.9183673469,
						5,
						0
					],
					[
						17448.9795918367,
						4,
						0
					],
					[
						17602.0408163265,
						6,
						0
					],
					[
						17755.1020408163,
						4,
						0
					],
					[
						17908.1632653061,
						5,
						0
					],
					[
						18061.2244897959,
						7,
						0
					],
					[
						18214.2857142857,
						6,
						0
					],
					[
						18367.3469387755,
						7,
						0
					],
					[
						18673.4693877551,
						4,
						0
					],
					[
						18979.5918367347,
						5,
						306.122448979592
					]
				],
				"mustHitSection": true
			},
			{
				"lengthInSteps": 16,
				"sectionNotes": [
					[
						19744.8979591837,
						0,
						0
					],
					[
						19897.9591836735,
						3,
						0
					],
					[
						20051.0204081633,
						2,
						0
					],
					[
						20204.0816326531,
						1,
						0
					],
					[
						20510.2040816327,
						3,
						0
					],
					[
						20816.3265306122,
						0,
						0
					],
					[
						21428.5714285714,
						3,
						0
					],
					[
						21581.6326530612,
						0,
						306.122448979592
					],
					[
						20969.387755102,
						1,
						0
					],
					[
						21122.4489795918,
						2,
						0
					],
					[
						19591.8367346939,
						-1,
						"setAttack",
						"blasters_s",
						""
					]
				],
				"mustHitSection": false
			},
			{
				"lengthInSteps": 16,
				"sectionNotes": [
					[
						22346.9387755102,
						2,
						0
					],
					[
						22500,
						1,
						0
					],
					[
						22653.0612244898,
						3,
						0
					],
					[
						22959.1836734694,
						2,
						0
					],
					[
						23265.306122449,
						0,
						0
					],
					[
						23418.3673469388,
						3,
						0
					],
					[
						23571.4285714286,
						2,
						0
					],
					[
						23877.5510204082,
						1,
						0
					],
					[
						24183.6734693878,
						3,
						0
					],
					[
						24336.7346938775,
						0,
						0
					],
					[
						23265.306122449,
						-1,
						"boxOpen",
						"gravThrow",
						""
					]
				],
				"mustHitSection": false
			},
			{
				"lengthInSteps": 16,
				"sectionNotes": [
					[
						24795.9183673469,
						1,
						0
					],
					[
						25102.0408163265,
						0,
						0
					],
					[
						25408.1632653061,
						3,
						0
					],
					[
						25561.2244897959,
						2,
						0
					],
					[
						25714.2857142857,
						3,
						0
					],
					[
						25867.3469387755,
						1,
						0
					],
					[
						26020.4081632653,
						3,
						0
					],
					[
						26326.5306122449,
						1,
						0
					],
					[
						26479.5918367347,
						0,
						0
					]
				],
				"mustHitSection": false
			},
			{
				"lengthInSteps": 16,
				"sectionNotes": [
					[
						27244.8979591837,
						2,
						0
					],
					[
						27551.0204081633,
						0,
						0
					],
					[
						27857.1428571429,
						3,
						0
					],
					[
						28010.2040816327,
						2,
						0
					],
					[
						28163.2653061224,
						1,
						0
					],
					[
						28316.3265306122,
						2,
						0
					],
					[
						28622.4489795918,
						1,
						0
					],
					[
						28469.387755102,
						0,
						0
					],
					[
						29081.6326530612,
						2,
						0
					],
					[
						29234.693877551,
						3,
						0
					],
					[
						26938.7755102041,
						-1,
						"setAttack",
						"twirl",
						""
					],
					[
						29234.693877551,
						-1,
						"boxOpen",
						"gravThrow",
						"down"
					]
				],
				"mustHitSection": false
			},
			{
				"lengthInSteps": 16,
				"sectionNotes": [
					[
						29387.7551020408,
						6,
						0
					],
					[
						29540.8163265306,
						4,
						0
					],
					[
						29693.8775510204,
						6,
						0
					],
					[
						29846.9387755102,
						5,
						0
					],
					[
						30000,
						7,
						0
					],
					[
						30153.0612244898,
						6,
						0
					],
					[
						30306.1224489796,
						4,
						0
					],
					[
						30459.1836734694,
						5,
						0
					],
					[
						30612.2448979592,
						7,
						153.061224489796
					],
					[
						30918.3673469388,
						6,
						306.122448979592
					],
					[
						31530.612244898,
						5,
						0
					],
					[
						31683.6734693878,
						4,
						0
					],
					[
						30306.1224489796,
						-1,
						"setAttack",
						"leftsine",
						"down"
					]
				],
				"mustHitSection": true
			},
			{
				"lengthInSteps": 16,
				"sectionNotes": [
					[
						31836.7346938775,
						5,
						0
					],
					[
						31989.7959183673,
						7,
						0
					],
					[
						32142.8571428571,
						6,
						0
					],
					[
						32295.9183673469,
						7,
						0
					],
					[
						32448.9795918367,
						4,
						0
					],
					[
						32602.0408163265,
						6,
						0
					],
					[
						32755.1020408163,
						5,
						0
					],
					[
						32908.1632653061,
						7,
						0
					],
					[
						33061.2244897959,
						4,
						153.061224489796
					],
					[
						33367.3469387755,
						6,
						153.061224489796
					],
					[
						33979.5918367347,
						7,
						0
					],
					[
						34132.6530612245,
						6,
						0
					],
					[
						32755.1020408163,
						-1,
						"setAttack",
						"blasterFlurry",
						""
					]
				],
				"mustHitSection": true
			},
			{
				"lengthInSteps": 16,
				"sectionNotes": [
					[
						34285.7142857143,
						4,
						0
					],
					[
						34438.7755102041,
						6,
						0
					],
					[
						34591.8367346939,
						5,
						0
					],
					[
						34744.8979591837,
						7,
						0
					],
					[
						34897.9591836735,
						5,
						0
					],
					[
						35051.0204081633,
						6,
						0
					],
					[
						35204.0816326531,
						4,
						0
					],
					[
						35357.1428571429,
						5,
						0
					],
					[
						35510.2040816326,
						7,
						153.061224489796
					],
					[
						35816.3265306122,
						4,
						153.061224489796
					],
					[
						36428.5714285714,
						7,
						0
					],
					[
						36581.6326530612,
						5,
						0
					],
					[
						36122.4489795918,
						-1,
						"setAttack",
						"blasters",
						""
					]
				],
				"mustHitSection": true
			},
			{
				"lengthInSteps": 16,
				"sectionNotes": [
					[
						36734.693877551,
						4,
						0
					],
					[
						36887.7551020408,
						6,
						153.061224489796
					],
					[
						37193.8775510204,
						5,
						0
					],
					[
						37346.9387755102,
						6,
						0
					],
					[
						37500,
						7,
						153.061224489796
					],
					[
						37806.1224489796,
						4,
						0
					],
					[
						37959.1836734694,
						5,
						0
					],
					[
						38265.306122449,
						5,
						153.061224489796
					],
					[
						38571.4285714286,
						7,
						0
					],
					[
						38724.4897959184,
						5,
						0
					],
					[
						38877.5510204082,
						4,
						0
					],
					[
						39030.612244898,
						6,
						0
					]
				],
				"mustHitSection": true
			},
			{
				"lengthInSteps": 16,
				"sectionNotes": [
					[
						39183.6734693878,
						1,
						0
					],
					[
						39489.7959183673,
						1,
						0
					],
					[
						39642.8571428571,
						2,
						0
					],
					[
						39795.9183673469,
						3,
						153.061224489796
					],
					[
						40102.0408163265,
						0,
						0
					],
					[
						40255.1020408163,
						3,
						0
					],
					[
						40408.1632653061,
						2,
						306.122448979592
					],
					[
						41020.4081632653,
						2,
						0
					],
					[
						41173.4693877551,
						1,
						0
					],
					[
						41326.5306122449,
						0,
						0
					],
					[
						41479.5918367347,
						1,
						0
					],
					[
						39183.6734693878,
						-1,
						"boxOpen",
						"boneSlice",
						""
					]
				],
				"mustHitSection": false
			},
			{
				"lengthInSteps": 16,
				"sectionNotes": [
					[
						41632.6530612245,
						7,
						0
					],
					[
						41938.7755102041,
						7,
						0
					],
					[
						42244.8979591837,
						5,
						153.061224489796
					],
					[
						42551.0204081633,
						6,
						0
					],
					[
						42704.0816326531,
						4,
						0
					],
					[
						42857.1428571428,
						6,
						153.061224489796
					],
					[
						43163.2653061224,
						7,
						0
					],
					[
						43316.3265306122,
						6,
						0
					],
					[
						43469.387755102,
						4,
						0
					],
					[
						43622.4489795918,
						6,
						0
					],
					[
						43775.5102040816,
						5,
						0
					],
					[
						43928.5714285714,
						6,
						0
					]
				],
				"mustHitSection": true
			},
			{
				"lengthInSteps": 16,
				"sectionNotes": [
					[
						44081.6326530612,
						3,
						0
					],
					[
						44387.7551020408,
						0,
						0
					],
					[
						44693.8775510204,
						1,
						0
					],
					[
						44846.9387755102,
						3,
						0
					],
					[
						45153.0612244898,
						3,
						0
					],
					[
						45306.1224489796,
						1,
						153.061224489796
					],
					[
						45612.2448979592,
						0,
						0
					],
					[
						45765.306122449,
						2,
						0
					],
					[
						45918.3673469388,
						3,
						0
					],
					[
						46377.5510204082,
						0,
						0
					],
					[
						46147.9591836735,
						2,
						0
					],
					[
						44081.6326530612,
						-1,
						"boxOpen",
						"hopsRng",
						"reset"
					]
				],
				"mustHitSection": false
			},
			{
				"lengthInSteps": 16,
				"sectionNotes": [
					[
						46530.6122448979,
						3,
						153.061224489796
					],
					[
						46836.7346938775,
						1,
						0
					],
					[
						46989.7959183673,
						3,
						153.061224489796
					],
					[
						47295.9183673469,
						0,
						153.061224489796
					],
					[
						47602.0408163265,
						2,
						0
					],
					[
						48826.5306122449,
						0,
						0
					],
					[
						48482.1428571428,
						3,
						0
					],
					[
						48635.2040816326,
						2,
						0
					],
					[
						48367.3469387755,
						0,
						0
					],
					[
						47869.8979591837,
						1,
						0
					],
					[
						48673.4693877551,
						-1,
						"boxOpen",
						"gravThrow",
						""
					]
				],
				"mustHitSection": false
			},
			{
				"lengthInSteps": 16,
				"sectionNotes": [
					[
						48979.5918367347,
						1,
						0
					],
					[
						49591.8367346939,
						2,
						0
					],
					[
						49897.9591836734,
						3,
						0
					],
					[
						50204.081632653,
						0,
						153.061224489796
					],
					[
						50663.2653061224,
						2,
						153.061224489796
					],
					[
						51122.4489795918,
						1,
						459.183673469388
					]
				],
				"mustHitSection": false
			},
			{
				"lengthInSteps": 16,
				"sectionNotes": [
					[
						52040.8163265306,
						0,
						0
					],
					[
						52346.9387755102,
						3,
						0
					],
					[
						52653.0612244898,
						2,
						0
					],
					[
						53112.2448979592,
						1,
						0
					],
					[
						53571.4285714286,
						0,
						459.183673469388
					]
				],
				"mustHitSection": false
			},
			{
				"lengthInSteps": 16,
				"sectionNotes": [
					[
						54489.7959183673,
						0,
						0
					],
					[
						54795.9183673469,
						2,
						0
					],
					[
						55102.0408163265,
						1,
						153.061224489796
					],
					[
						55561.2244897959,
						3,
						153.061224489796
					],
					[
						56020.4081632653,
						1,
						459.183673469388
					],
					[
						53877.5510204081,
						-1,
						"setAttack",
						"blasterCross",
						""
					]
				],
				"mustHitSection": false
			},
			{
				"lengthInSteps": 16,
				"sectionNotes": [
					[
						58163.2653061224,
						-1,
						"setAttack",
						"rotSingle",
						""
					]
				],
				"mustHitSection": false
			},
			{
				"lengthInSteps": 16,
				"sectionNotes": [
					[
						59387.7551020408,
						6,
						0
					],
					[
						59693.8775510204,
						7,
						0
					],
					[
						60000,
						4,
						153.061224489796
					],
					[
						60459.1836734694,
						6,
						153.061224489796
					],
					[
						60918.3673469388,
						5,
						459.183673469388
					]
				],
				"mustHitSection": true
			},
			{
				"lengthInSteps": 16,
				"sectionNotes": [
					[
						61836.7346938775,
						4,
						0
					],
					[
						62142.8571428571,
						7,
						0
					],
					[
						62448.9795918367,
						6,
						0
					],
					[
						62908.1632653061,
						5,
						0
					],
					[
						63367.3469387755,
						4,
						459.183673469388
					]
				],
				"mustHitSection": true
			},
			{
				"lengthInSteps": 16,
				"sectionNotes": [
					[
						64285.7142857143,
						4,
						0
					],
					[
						64591.8367346938,
						6,
						0
					],
					[
						64897.9591836734,
						5,
						153.061224489796
					],
					[
						65357.1428571428,
						7,
						153.061224489796
					],
					[
						65816.3265306122,
						5,
						459.183673469388
					]
				],
				"mustHitSection": true
			},
			{
				"lengthInSteps": 16,
				"sectionNotes": [
					[
						66122.4489795918,
						-1,
						"boxOpen",
						"leftrngfast",
						""
					]
				],
				"mustHitSection": true
			},
			{
				"lengthInSteps": 16,
				"sectionNotes": [
					[
						68992.3469387755,
						0,
						0
					],
					[
						69107.1428571428,
						2,
						0
					],
					[
						69298.469387755,
						1,
						0
					],
					[
						69375,
						3,
						0
					],
					[
						69566.3265306122,
						2,
						0
					],
					[
						69642.8571428571,
						0,
						0
					],
					[
						69834.1836734693,
						1,
						0
					],
					[
						70178.5714285714,
						3,
						0
					],
					[
						70484.693877551,
						2,
						0
					],
					[
						70714.2857142857,
						0,
						0
					],
					[
						70102.0408163265,
						-1,
						"boxOpen",
						"hops",
						"reset"
					]
				],
				"mustHitSection": false
			},
			{
				"lengthInSteps": 16,
				"sectionNotes": [
					[
						71594.387755102,
						1,
						0
					],
					[
						71938.775510204,
						0,
						0
					],
					[
						72053.5714285714,
						3,
						0
					],
					[
						72168.3673469387,
						2,
						0
					],
					[
						72397.9591836734,
						0,
						0
					],
					[
						72512.7551020408,
						3,
						0
					],
					[
						72742.3469387755,
						1,
						0
					],
					[
						72857.1428571428,
						2,
						0
					],
					[
						73201.5306122448,
						3,
						0
					],
					[
						73316.3265306122,
						0,
						0
					]
				],
				"mustHitSection": false
			},
			{
				"lengthInSteps": 16,
				"sectionNotes": [
					[
						73507.6530612244,
						2,
						0
					],
					[
						73584.1836734693,
						0,
						0
					],
					[
						73622.4489795918,
						1,
						0
					],
					[
						73698.9795918367,
						3,
						0
					],
					[
						73775.5102040816,
						2,
						0
					],
					[
						73852.0408163265,
						3,
						0
					],
					[
						73928.5714285714,
						0,
						0
					],
					[
						74119.8979591836,
						1,
						0
					],
					[
						74196.4285714285,
						0,
						0
					],
					[
						74272.9591836734,
						3,
						0
					],
					[
						74349.4897959183,
						2,
						0
					],
					[
						74426.0204081632,
						0,
						0
					],
					[
						74502.5510204081,
						3,
						0
					],
					[
						74579.081632653,
						2,
						0
					],
					[
						74693.8775510204,
						3,
						0
					],
					[
						75114.7959183673,
						1,
						0
					],
					[
						75229.5918367346,
						1,
						0
					],
					[
						75420.9183673469,
						2,
						0
					],
					[
						75650.5102040816,
						0,
						0
					],
					[
						75803.5714285714,
						3,
						0
					],
					[
						74999.9999999999,
						-1,
						"boxOpen",
						"hopsRng",
						""
					]
				],
				"mustHitSection": false
			},
			{
				"lengthInSteps": 16,
				"sectionNotes": [
					[
						75956.6326530612,
						1,
						0
					],
					[
						76147.9591836734,
						2,
						0
					],
					[
						76530.6122448979,
						3,
						0
					],
					[
						76607.1428571428,
						2,
						0
					],
					[
						76683.6734693877,
						3,
						0
					],
					[
						76760.2040816326,
						0,
						0
					],
					[
						76836.7346938775,
						1,
						0
					],
					[
						77028.0612244897,
						2,
						0
					],
					[
						77104.5918367346,
						1,
						0
					],
					[
						77181.1224489795,
						3,
						0
					],
					[
						77410.7142857142,
						1,
						0
					],
					[
						77563.775510204,
						0,
						0
					],
					[
						77678.5714285714,
						3,
						0
					],
					[
						77755.1020408163,
						1,
						0
					],
					[
						77869.8979591836,
						2,
						0
					],
					[
						77946.4285714285,
						0,
						0
					],
					[
						78022.9591836734,
						3,
						0
					],
					[
						78176.0204081632,
						1,
						0
					]
				],
				"mustHitSection": false
			},
			{
				"sectionNotes": [
					[
						78749.9999999999,
						2,
						0
					],
					[
						78941.3265306122,
						1,
						0
					],
					[
						79132.6530612244,
						3,
						0
					],
					[
						79706.6326530612,
						0,
						0
					],
					[
						79783.1632653061,
						2,
						0
					],
					[
						79897.9591836734,
						0,
						0
					],
					[
						80242.3469387754,
						2,
						0
					],
					[
						80471.9387755101,
						3,
						0
					],
					[
						80701.5306122448,
						1,
						0
					],
					[
						79285.7142857142,
						-1,
						"setAttack",
						"leftrng",
						""
					]
				],
				"typeOfSection": 0,
				"lengthInSteps": 16,
				"altAnim": false,
				"mustHitSection": false,
				"changeBPM": false,
				"bpm": 100
			},
			{
				"sectionNotes": [
					[
						80969.387755102,
						1,
						0
					],
					[
						81122.4489795918,
						2,
						0
					],
					[
						81198.9795918367,
						0,
						0
					],
					[
						81275.5102040816,
						2,
						0
					],
					[
						81390.3061224489,
						1,
						0
					],
					[
						81505.1020408163,
						3,
						0
					],
					[
						81581.6326530612,
						2,
						0
					],
					[
						81658.1632653061,
						0,
						0
					],
					[
						81696.4285714285,
						1,
						0
					],
					[
						81772.9591836734,
						2,
						0
					],
					[
						81887.7551020407,
						0,
						0
					],
					[
						82079.081632653,
						3,
						0
					],
					[
						82193.8775510203,
						2,
						0
					],
					[
						82423.469387755,
						1,
						0
					],
					[
						82538.2653061224,
						1,
						0
					],
					[
						82653.0612244897,
						0,
						0
					],
					[
						82806.1224489795,
						3,
						0
					],
					[
						82920.9183673469,
						1,
						0
					],
					[
						83035.7142857142,
						2,
						0
					]
				],
				"typeOfSection": 0,
				"lengthInSteps": 16,
				"altAnim": false,
				"mustHitSection": false,
				"changeBPM": false,
				"bpm": 180
			},
			{
				"sectionNotes": [
					[
						83265.3061224489,
						0,
						0
					],
					[
						83265.3061224489,
						3,
						0
					],
					[
						83265.3061224489,
						2,
						0
					],
					[
						83494.8979591836,
						2,
						0
					],
					[
						83686.2244897958,
						1,
						0
					],
					[
						83762.7551020407,
						1,
						0
					],
					[
						83839.2857142856,
						2,
						0
					],
					[
						83915.8163265305,
						1,
						0
					],
					[
						84068.8775510203,
						0,
						0
					],
					[
						84221.9387755101,
						3,
						0
					],
					[
						84336.7346938775,
						2,
						0
					],
					[
						84451.5306122448,
						3,
						0
					],
					[
						84604.5918367346,
						2,
						0
					],
					[
						84681.1224489795,
						0,
						0
					],
					[
						84795.9183673469,
						1,
						0
					],
					[
						84872.4489795918,
						3,
						0
					],
					[
						85025.5102040816,
						1,
						0
					],
					[
						83276.7857142856,
						1,
						0
					],
					[
						83265.3061224489,
						-1,
						"boxOpen",
						"blasters",
						""
					]
				],
				"typeOfSection": 0,
				"lengthInSteps": 16,
				"altAnim": false,
				"mustHitSection": false,
				"changeBPM": false,
				"bpm": 180
			},
			{
				"sectionNotes": [
					[
						86938.775510204,
						-1,
						"setAttack",
						"",
						""
					]
				],
				"typeOfSection": 0,
				"lengthInSteps": 16,
				"altAnim": false,
				"mustHitSection": true,
				"changeBPM": false,
				"bpm": 180
			},
			{
				"sectionNotes": [
					[
						88163.2653061224,
						3,
						153.061224489796
					],
					[
						88469.387755102,
						2,
						0
					],
					[
						88622.4489795918,
						0,
						0
					],
					[
						88928.5714285713,
						2,
						0
					],
					[
						89081.6326530611,
						3,
						1224.48979591837
					],
					[
						88163.2653061224,
						-1,
						"setAttack",
						"boneFlurry",
						""
					]
				],
				"typeOfSection": 0,
				"lengthInSteps": 16,
				"altAnim": false,
				"mustHitSection": false,
				"changeBPM": false,
				"bpm": 180
			},
			{
				"sectionNotes": [
					[
						90612.2448979591,
						1,
						0
					],
					[
						90826.5306122448,
						2,
						0
					],
					[
						91071.4285714285,
						1,
						0
					],
					[
						91377.5510204081,
						3,
						0
					],
					[
						91683.6734693877,
						0,
						612.244897959184
					],
					[
						92755.1020408162,
						0,
						0
					]
				],
				"typeOfSection": 0,
				"lengthInSteps": 16,
				"altAnim": false,
				"mustHitSection": false,
				"changeBPM": false,
				"bpm": 180
			},
			{
				"sectionNotes": [
					[
						93061.2244897958,
						2,
						0
					],
					[
						93367.3469387754,
						1,
						0
					],
					[
						93520.4081632652,
						3,
						0
					],
					[
						93673.469387755,
						2,
						0
					],
					[
						93979.5918367346,
						0,
						0
					],
					[
						94132.6530612244,
						2,
						0
					],
					[
						94438.775510204,
						0,
						306.122448979592
					],
					[
						94897.9591836734,
						1,
						0
					],
					[
						95204.081632653,
						3,
						0
					],
					[
						94285.7142857142,
						-1,
						"boxOpen",
						"twirl",
						""
					]
				],
				"typeOfSection": 0,
				"lengthInSteps": 16,
				"altAnim": false,
				"mustHitSection": false,
				"changeBPM": false,
				"bpm": 180
			},
			{
				"sectionNotes": [
					[
						95510.2040816326,
						2,
						0
					],
					[
						95816.3265306121,
						3,
						0
					],
					[
						95969.387755102,
						1,
						153.061224489796
					],
					[
						96275.5102040815,
						0,
						0
					],
					[
						96428.5714285713,
						1,
						1071.42857142857
					],
					[
						97806.1224489795,
						3,
						0
					],
					[
						97346.9387755101,
						-1,
						"boxOpen",
						"cave",
						""
					]
				],
				"typeOfSection": 0,
				"lengthInSteps": 16,
				"altAnim": false,
				"mustHitSection": false,
				"changeBPM": false,
				"bpm": 180
			},
			{
				"sectionNotes": [
					[
						97959.1836734693,
						2,
						0
					],
					[
						98265.3061224489,
						2,
						0
					],
					[
						98418.3673469387,
						3,
						0
					],
					[
						98571.4285714285,
						0,
						0
					],
					[
						98877.5510204081,
						2,
						0
					],
					[
						99183.6734693877,
						1,
						306.122448979592
					],
					[
						99795.9183673468,
						0,
						0
					],
					[
						100102.040816326,
						0,
						0
					]
				],
				"typeOfSection": 0,
				"lengthInSteps": 16,
				"altAnim": false,
				"mustHitSection": false,
				"changeBPM": false,
				"bpm": 180
			},
			{
				"sectionNotes": [
					[
						100408.163265306,
						3,
						0
					],
					[
						100714.285714286,
						2,
						0
					],
					[
						101020.408163265,
						3,
						0
					],
					[
						101250,
						1,
						0
					],
					[
						101479.591836735,
						0,
						306.122448979592
					],
					[
						102091.836734694,
						2,
						0
					],
					[
						102244.897959184,
						1,
						0
					],
					[
						102551.020408163,
						3,
						0
					]
				],
				"typeOfSection": 0,
				"lengthInSteps": 16,
				"altAnim": false,
				"mustHitSection": false,
				"changeBPM": false,
				"bpm": 180
			},
			{
				"sectionNotes": [
					[
						102857.142857143,
						0,
						0
					],
					[
						103163.265306122,
						3,
						0
					],
					[
						103316.326530612,
						2,
						0
					],
					[
						103622.448979592,
						0,
						0
					],
					[
						103928.571428571,
						3,
						306.122448979592
					],
					[
						104693.87755102,
						2,
						0
					],
					[
						105000,
						1,
						0
					]
				],
				"typeOfSection": 0,
				"lengthInSteps": 16,
				"altAnim": false,
				"mustHitSection": false,
				"changeBPM": false,
				"bpm": 180
			},
			{
				"sectionNotes": [
					[
						105306.122448979,
						1,
						153.061224489796
					],
					[
						105612.244897959,
						0,
						0
					],
					[
						106071.428571428,
						3,
						0
					],
					[
						105765.306122449,
						1,
						0
					],
					[
						106224.489795918,
						2,
						765.30612244898
					],
					[
						107448.979591837,
						3,
						0
					],
					[
						107602.040816326,
						1,
						0
					],
					[
						105306.122448979,
						-1,
						"setAttack",
						"blasters_s",
						""
					]
				],
				"typeOfSection": 0,
				"lengthInSteps": 16,
				"altAnim": false,
				"mustHitSection": false,
				"changeBPM": false,
				"bpm": 180
			},
			{
				"sectionNotes": [
					[
						107755.102040816,
						6,
						0
					],
					[
						107908.163265306,
						4,
						0
					],
					[
						108061.224489796,
						6,
						0
					],
					[
						108214.285714286,
						5,
						0
					],
					[
						108367.346938776,
						7,
						0
					],
					[
						108520.408163265,
						6,
						0
					],
					[
						108673.469387755,
						4,
						0
					],
					[
						108826.530612245,
						5,
						0
					],
					[
						108979.591836735,
						7,
						153.061224489796
					],
					[
						109285.714285714,
						6,
						306.122448979592
					],
					[
						109897.959183673,
						5,
						0
					],
					[
						110051.020408163,
						4,
						0
					],
					[
						107755.102040816,
						-1,
						"boxOpen",
						"gravThrow",
						""
					]
				],
				"typeOfSection": 0,
				"lengthInSteps": 16,
				"altAnim": false,
				"mustHitSection": true,
				"changeBPM": false,
				"bpm": 180
			},
			{
				"sectionNotes": [
					[
						110204.081632653,
						5,
						0
					],
					[
						110357.142857143,
						7,
						0
					],
					[
						110510.204081633,
						6,
						0
					],
					[
						110663.265306122,
						7,
						0
					],
					[
						110816.326530612,
						4,
						0
					],
					[
						110969.387755102,
						6,
						0
					],
					[
						111122.448979592,
						5,
						0
					],
					[
						111275.510204082,
						7,
						0
					],
					[
						111428.571428571,
						4,
						153.061224489796
					],
					[
						111734.693877551,
						6,
						153.061224489796
					],
					[
						112346.93877551,
						7,
						0
					],
					[
						112500,
						6,
						0
					],
					[
						112346.93877551,
						-1,
						"setAttack",
						"leftsine",
						"reversed"
					]
				],
				"typeOfSection": 0,
				"lengthInSteps": 16,
				"altAnim": false,
				"mustHitSection": true,
				"changeBPM": false,
				"bpm": 180
			},
			{
				"sectionNotes": [
					[
						112653.06122449,
						4,
						0
					],
					[
						112806.12244898,
						6,
						0
					],
					[
						112959.183673469,
						5,
						0
					],
					[
						113112.244897959,
						7,
						0
					],
					[
						113265.306122449,
						5,
						0
					],
					[
						113418.367346939,
						6,
						0
					],
					[
						113571.428571429,
						4,
						0
					],
					[
						113724.489795918,
						5,
						0
					],
					[
						113877.551020408,
						7,
						153.061224489796
					],
					[
						114183.673469388,
						4,
						153.061224489796
					],
					[
						114795.918367347,
						7,
						0
					],
					[
						114948.979591837,
						5,
						0
					]
				],
				"typeOfSection": 0,
				"lengthInSteps": 16,
				"altAnim": false,
				"mustHitSection": true,
				"changeBPM": false,
				"bpm": 180
			},
			{
				"sectionNotes": [
					[
						115102.040816327,
						4,
						0
					],
					[
						116938.775510204,
						7,
						0
					],
					[
						117091.836734694,
						5,
						0
					],
					[
						117244.897959184,
						4,
						0
					],
					[
						117397.959183673,
						6,
						0
					],
					[
						115255.102040816,
						6,
						0
					],
					[
						115408.163265306,
						5,
						0
					],
					[
						115561.224489796,
						6,
						0
					],
					[
						115714.285714286,
						7,
						0
					],
					[
						115867.346938775,
						4,
						0
					],
					[
						116020.408163265,
						5,
						0
					],
					[
						116020.408163265,
						7,
						0
					],
					[
						116020.408163265,
						6,
						0
					],
					[
						116173.469387755,
						4,
						0
					],
					[
						116173.469387755,
						6,
						0
					],
					[
						116173.469387755,
						5,
						0
					],
					[
						116364.795918367,
						7,
						0
					],
					[
						116364.795918367,
						5,
						0
					],
					[
						116403.06122449,
						6,
						0
					],
					[
						116441.326530612,
						4,
						0
					],
					[
						116441.326530612,
						5,
						0
					],
					[
						116479.591836735,
						7,
						0
					],
					[
						116479.591836735,
						6,
						0
					],
					[
						116479.591836735,
						5,
						0
					],
					[
						116517.857142857,
						6,
						0
					],
					[
						116517.857142857,
						4,
						0
					],
					[
						116556.122448979,
						4,
						0
					],
					[
						116556.122448979,
						7,
						0
					],
					[
						116594.387755102,
						6,
						0
					],
					[
						116632.653061224,
						5,
						0
					],
					[
						116632.653061224,
						4,
						0
					],
					[
						116670.918367347,
						7,
						0
					],
					[
						116709.183673469,
						6,
						0
					],
					[
						116709.183673469,
						4,
						0
					],
					[
						116747.448979592,
						5,
						0
					],
					[
						116326.530612245,
						6,
						0
					],
					[
						115102.040816326,
						-1,
						"setAttack",
						"blasters_s",
						""
					],
					[
						116020.408163265,
						-1,
						"setAttack",
						"blasters_c",
						""
					],
					[
						116785.714285714,
						-1,
						"boxOpen",
						"elevator",
						""
					]
				],
				"typeOfSection": 0,
				"lengthInSteps": 16,
				"altAnim": false,
				"mustHitSection": true,
				"changeBPM": false,
				"bpm": 180
			},
			{
				"sectionNotes": [
					[
						117551.020408163,
						0,
						153.061224489796
					],
					[
						117857.142857143,
						1,
						153.061224489796
					],
					[
						118163.265306122,
						3,
						0
					],
					[
						118316.326530612,
						1,
						0
					],
					[
						118622.448979592,
						2,
						459.183673469388
					],
					[
						119234.693877551,
						0,
						0
					],
					[
						119387.755102041,
						3,
						0
					],
					[
						119540.81632653,
						1,
						0
					],
					[
						119693.87755102,
						3,
						0
					],
					[
						119846.93877551,
						2,
						0
					]
				],
				"typeOfSection": 0,
				"lengthInSteps": 16,
				"altAnim": false,
				"mustHitSection": false,
				"changeBPM": false,
				"bpm": 180
			},
			{
				"sectionNotes": [
					[
						120000,
						4,
						0
					],
					[
						120306.122448979,
						4,
						0
					],
					[
						120612.244897959,
						5,
						0
					],
					[
						120765.306122449,
						7,
						0
					],
					[
						121071.428571428,
						6,
						459.183673469388
					],
					[
						121836.734693877,
						7,
						0
					],
					[
						121989.795918367,
						6,
						0
					],
					[
						122295.918367347,
						4,
						0
					]
				],
				"typeOfSection": 0,
				"lengthInSteps": 16,
				"altAnim": false,
				"mustHitSection": true,
				"changeBPM": false,
				"bpm": 180
			},
			{
				"sectionNotes": [
					[
						122448.979591837,
						1,
						306.122448979592
					],
					[
						123061.224489796,
						3,
						0
					],
					[
						123214.285714286,
						2,
						0
					],
					[
						123520.408163265,
						0,
						0
					],
					[
						123673.469387755,
						2,
						0
					],
					[
						123979.591836735,
						2,
						0
					],
					[
						124285.714285714,
						1,
						0
					],
					[
						124438.775510204,
						3,
						0
					],
					[
						124744.897959184,
						2,
						0
					],
					[
						122448.979591837,
						-1,
						"boxOpen",
						"hops",
						"reset"
					]
				],
				"typeOfSection": 0,
				"lengthInSteps": 16,
				"altAnim": false,
				"mustHitSection": false,
				"changeBPM": false,
				"bpm": 180
			},
			{
				"sectionNotes": [
					[
						124897.959183673,
						4,
						0
					],
					[
						125204.081632653,
						6,
						0
					],
					[
						126734.693877551,
						4,
						0
					],
					[
						126838.010204081,
						7,
						0
					],
					[
						126987.244897959,
						6,
						0
					],
					[
						125357.142857143,
						7,
						459.183673469388
					],
					[
						125816.326530612,
						5,
						459.183673469388
					],
					[
						127193.87755102,
						5,
						0
					],
					[
						124897.959183673,
						-1,
						"boxOpen",
						"hops",
						"reset"
					],
					[
						125051.020408163,
						-1,
						"boxOpen",
						"bigJump",
						""
					]
				],
				"typeOfSection": 0,
				"lengthInSteps": 16,
				"altAnim": false,
				"mustHitSection": true,
				"changeBPM": false,
				"bpm": 180
			},
			{
				"sectionNotes": [
					[
						127959.183673469,
						2,
						0
					],
					[
						128265.306122449,
						3,
						0
					],
					[
						128571.428571429,
						0,
						153.061224489796
					],
					[
						129030.612244898,
						2,
						153.061224489796
					],
					[
						129489.795918367,
						1,
						459.183673469388
					],
					[
						127346.93877551,
						0,
						306.122448979592
					],
					[
						127346.93877551,
						-1,
						"setAttack",
						"blasters_r",
						""
					]
				],
				"typeOfSection": 0,
				"lengthInSteps": 16,
				"altAnim": false,
				"mustHitSection": false,
				"changeBPM": false,
				"bpm": 180
			},
			{
				"sectionNotes": [
					[
						130408.163265306,
						0,
						0
					],
					[
						130714.285714286,
						3,
						0
					],
					[
						131020.408163265,
						2,
						0
					],
					[
						131479.591836735,
						1,
						0
					],
					[
						131938.775510204,
						0,
						459.183673469388
					]
				],
				"typeOfSection": 0,
				"lengthInSteps": 16,
				"altAnim": false,
				"mustHitSection": false,
				"changeBPM": false,
				"bpm": 180
			},
			{
				"sectionNotes": [
					[
						132857.142857143,
						0,
						0
					],
					[
						133163.265306122,
						2,
						0
					],
					[
						133469.387755102,
						1,
						153.061224489796
					],
					[
						133928.571428571,
						3,
						153.061224489796
					],
					[
						134387.755102041,
						1,
						459.183673469388
					]
				],
				"typeOfSection": 0,
				"lengthInSteps": 16,
				"altAnim": false,
				"mustHitSection": false,
				"changeBPM": false,
				"bpm": 180
			},
			{
				"sectionNotes": [
					[
						135306.122448979,
						2,
						0
					],
					[
						135459.183673469,
						1,
						0
					],
					[
						135612.244897959,
						2,
						0
					],
					[
						135765.306122449,
						0,
						0
					],
					[
						135918.367346939,
						1,
						153.061224489796
					],
					[
						136224.489795918,
						2,
						153.061224489796
					],
					[
						136530.612244898,
						3,
						153.061224489796
					],
					[
						136836.734693877,
						0,
						306.122448979592
					],
					[
						134693.87755102,
						-1,
						"boxOpen",
						"hops",
						"reset"
					]
				],
				"typeOfSection": 0,
				"lengthInSteps": 16,
				"altAnim": false,
				"mustHitSection": false,
				"changeBPM": false,
				"bpm": 180
			},
			{
				"sectionNotes": [
					[
						139285.714285714,
						1,
						0
					],
					[
						139438.775510204,
						2,
						0
					],
					[
						138979.591836735,
						3,
						0
					],
					[
						138742.346938775,
						0,
						0
					],
					[
						138826.530612245,
						1,
						0
					],
					[
						139193.87755102,
						2,
						0
					],
					[
						139132.653061224,
						0,
						0
					],
					[
						137142.857142857,
						-1,
						"boxClose",
						"",
						""
					]
				],
				"typeOfSection": 0,
				"lengthInSteps": 16,
				"altAnim": false,
				"mustHitSection": false,
				"changeBPM": false,
				"bpm": 180
			},
			{
				"sectionNotes": [
					[
						139591.836734694,
						3,
						0
					],
					[
						139668.367346939,
						1,
						0
					],
					[
						139897.959183673,
						2,
						0
					],
					[
						140051.020408163,
						0,
						0
					],
					[
						140123.724489796,
						3,
						0
					],
					[
						140326.530612245,
						1,
						0
					],
					[
						140586.734693877,
						0,
						0
					],
					[
						140663.265306122,
						3,
						0
					],
					[
						140724.489795918,
						2,
						0
					],
					[
						140816.326530612,
						3,
						0
					],
					[
						140877.551020408,
						1,
						0
					],
					[
						140969.387755102,
						2,
						0
					],
					[
						141275.510204082,
						0,
						153.061224489796
					],
					[
						141275.510204082,
						1,
						0
					],
					[
						141539.540816326,
						2,
						0
					],
					[
						141551.020408163,
						3,
						0
					],
					[
						141661.989795918,
						1,
						0
					],
					[
						141799.744897959,
						2,
						0
					],
					[
						141887.755102041,
						0,
						0
					],
					[
						141952.806122449,
						3,
						0
					]
				],
				"typeOfSection": 0,
				"lengthInSteps": 16,
				"altAnim": false,
				"mustHitSection": false,
				"changeBPM": false,
				"bpm": 180
			},
			{
				"sectionNotes": [
					[
						142040.816326531,
						1,
						0
					],
					[
						142121.173469388,
						2,
						0
					],
					[
						142193.87755102,
						0,
						0
					],
					[
						142266.581632653,
						1,
						0
					],
					[
						142415.816326531,
						3,
						0
					],
					[
						143724.489795918,
						0,
						0
					],
					[
						143808.673469388,
						3,
						0
					],
					[
						143877.551020408,
						2,
						0
					],
					[
						144183.673469388,
						2,
						0
					],
					[
						144336.734693877,
						2,
						0
					],
					[
						144030.612244898,
						2,
						0
					],
					[
						143954.081632653,
						2,
						0
					],
					[
						144107.142857143,
						2,
						0
					],
					[
						144260.204081633,
						2,
						0
					],
					[
						144413.265306122,
						2,
						0
					]
				],
				"typeOfSection": 0,
				"lengthInSteps": 16,
				"altAnim": false,
				"mustHitSection": false,
				"changeBPM": false,
				"bpm": 180
			},
			{
				"sectionNotes": [
					[
						144566.326530612,
						1,
						0
					],
					[
						144642.857142857,
						1,
						0
					],
					[
						144719.387755102,
						1,
						0
					],
					[
						144795.918367347,
						1,
						0
					],
					[
						144872.448979592,
						1,
						0
					],
					[
						145025.510204082,
						2,
						0
					],
					[
						145102.040816326,
						1,
						0
					]
				],
				"typeOfSection": 0,
				"lengthInSteps": 16,
				"altAnim": false,
				"mustHitSection": false,
				"changeBPM": false,
				"bpm": 180
			},
			{
				"sectionNotes": [
					[
						147857.142857143,
						2,
						1071.42857142857
					],
					[
						149234.693877551,
						0,
						0
					],
					[
						147841.836734694,
						-1,
						"Change Character",
						"dad",
						"sans"
					]
				],
				"typeOfSection": 0,
				"lengthInSteps": 16,
				"altAnim": false,
				"mustHitSection": false,
				"changeBPM": false,
				"bpm": 180
			},
			{
				"sectionNotes": [
					[
						149387.755102041,
						1,
						0
					],
					[
						149540.816326531,
						3,
						0
					],
					[
						149693.87755102,
						2,
						0
					],
					[
						149846.93877551,
						0,
						0
					],
					[
						149973.214285714,
						1,
						0
					],
					[
						150153.06122449,
						3,
						0
					],
					[
						150248.724489796,
						2,
						0
					],
					[
						150459.183673469,
						0,
						0
					],
					[
						150612.244897959,
						3,
						0
					],
					[
						150707.908163265,
						1,
						0
					],
					[
						150918.367346939,
						2,
						0
					],
					[
						151224.489795918,
						0,
						0
					],
					[
						151377.551020408,
						3,
						153.061224489796
					],
					[
						151683.673469388,
						1,
						0
					]
				],
				"typeOfSection": 0,
				"lengthInSteps": 16,
				"altAnim": false,
				"mustHitSection": false,
				"changeBPM": false,
				"bpm": 180
			},
			{
				"sectionNotes": [
					[
						151905.612244898,
						2,
						0
					],
					[
						152085.459183673,
						0,
						0
					],
					[
						152211.734693877,
						1,
						306.122448979592
					],
					[
						152602.040816326,
						2,
						0
					],
					[
						152755.102040816,
						3,
						306.122448979592
					],
					[
						153214.285714286,
						0,
						459.183673469388
					],
					[
						154132.653061224,
						1,
						0
					],
					[
						154251.275510204,
						3,
						0
					]
				],
				"typeOfSection": 0,
				"lengthInSteps": 16,
				"altAnim": false,
				"mustHitSection": false,
				"changeBPM": false,
				"bpm": 180
			},
			{
				"sectionNotes": [
					[
						154389.030612245,
						2,
						0
					],
					[
						156122.448979592,
						0,
						0
					],
					[
						156210.459183673,
						3,
						0
					],
					[
						156329.081632653,
						1,
						0
					],
					[
						156107.142857143,
						-1,
						"Change Character",
						"dad",
						"pere"
					]
				],
				"typeOfSection": 0,
				"lengthInSteps": 16,
				"altAnim": false,
				"mustHitSection": false,
				"changeBPM": false,
				"bpm": 180
			},
			{
				"sectionNotes": [],
				"typeOfSection": 0,
				"lengthInSteps": 16,
				"altAnim": false,
				"mustHitSection": true,
				"changeBPM": false,
				"bpm": 180
			},
			{
				"sectionNotes": [],
				"typeOfSection": 0,
				"lengthInSteps": 16,
				"altAnim": false,
				"mustHitSection": true,
				"changeBPM": false,
				"bpm": 180
			},
			{
				"sectionNotes": [],
				"typeOfSection": 0,
				"lengthInSteps": 16,
				"altAnim": false,
				"mustHitSection": true,
				"changeBPM": false,
				"bpm": 180
			},
			{
				"sectionNotes": [],
				"typeOfSection": 0,
				"lengthInSteps": 16,
				"altAnim": false,
				"mustHitSection": true,
				"changeBPM": false,
				"bpm": 180
			},
			{
				"sectionNotes": [
					[
						168826.530612245,
						-1,
						"boxOpen",
						"blasters_c",
						""
					]
				],
				"typeOfSection": 0,
				"lengthInSteps": 16,
				"altAnim": false,
				"mustHitSection": false,
				"changeBPM": false,
				"bpm": 180
			},
			{
				"sectionNotes": [
					[
						169285.714285714,
						-1,
						"boxClose",
						"blasters_c",
						""
					]
				],
				"typeOfSection": 0,
				"lengthInSteps": 16,
				"altAnim": false,
				"mustHitSection": true,
				"changeBPM": false,
				"bpm": 180
			},
			{
				"sectionNotes": [],
				"typeOfSection": 0,
				"lengthInSteps": 16,
				"altAnim": false,
				"mustHitSection": false,
				"changeBPM": false,
				"bpm": 180
			},
			{
				"sectionNotes": [],
				"typeOfSection": 0,
				"lengthInSteps": 16,
				"altAnim": false,
				"mustHitSection": false,
				"changeBPM": false,
				"bpm": 180
			},
			{
				"sectionNotes": [],
				"typeOfSection": 0,
				"lengthInSteps": 16,
				"altAnim": false,
				"mustHitSection": false,
				"changeBPM": false,
				"bpm": 180
			},
			{
				"sectionNotes": [],
				"typeOfSection": 0,
				"lengthInSteps": 16,
				"altAnim": false,
				"mustHitSection": false,
				"changeBPM": false,
				"bpm": 180
			},
			{
				"sectionNotes": [],
				"typeOfSection": 0,
				"lengthInSteps": 16,
				"altAnim": false,
				"mustHitSection": false,
				"changeBPM": false,
				"bpm": 180
			},
			{
				"sectionNotes": [],
				"typeOfSection": 0,
				"lengthInSteps": 16,
				"altAnim": false,
				"mustHitSection": false,
				"changeBPM": false,
				"bpm": 180
			},
			{
				"sectionNotes": [],
				"typeOfSection": 0,
				"lengthInSteps": 16,
				"altAnim": false,
				"mustHitSection": false,
				"changeBPM": false,
				"bpm": 180
			},
			{
				"sectionNotes": [],
				"typeOfSection": 0,
				"lengthInSteps": 16,
				"altAnim": false,
				"mustHitSection": false,
				"changeBPM": false,
				"bpm": 180
			},
			{
				"sectionNotes": [],
				"typeOfSection": 0,
				"lengthInSteps": 16,
				"altAnim": false,
				"mustHitSection": true,
				"changeBPM": false,
				"bpm": 180
			},
			{
				"sectionNotes": [],
				"typeOfSection": 0,
				"lengthInSteps": 16,
				"altAnim": false,
				"mustHitSection": true,
				"changeBPM": false,
				"bpm": 180
			},
			{
				"sectionNotes": [],
				"typeOfSection": 0,
				"lengthInSteps": 16,
				"altAnim": false,
				"mustHitSection": true,
				"changeBPM": false,
				"bpm": 180
			},
			{
				"sectionNotes": [],
				"typeOfSection": 0,
				"lengthInSteps": 16,
				"altAnim": false,
				"mustHitSection": true,
				"changeBPM": false,
				"bpm": 180
			},
			{
				"sectionNotes": [],
				"typeOfSection": 0,
				"lengthInSteps": 16,
				"altAnim": false,
				"mustHitSection": true,
				"changeBPM": false,
				"bpm": 180
			},
			{
				"sectionNotes": [],
				"typeOfSection": 0,
				"lengthInSteps": 16,
				"altAnim": false,
				"mustHitSection": true,
				"changeBPM": false,
				"bpm": 180
			},
			{
				"sectionNotes": [],
				"typeOfSection": 0,
				"lengthInSteps": 16,
				"altAnim": false,
				"mustHitSection": true,
				"changeBPM": false,
				"bpm": 180
			},
			{
				"sectionNotes": [],
				"typeOfSection": 0,
				"lengthInSteps": 16,
				"altAnim": false,
				"mustHitSection": true,
				"changeBPM": false,
				"bpm": 180
			},
			{
				"sectionNotes": [],
				"typeOfSection": 0,
				"lengthInSteps": 16,
				"altAnim": false,
				"mustHitSection": false,
				"changeBPM": false,
				"bpm": 180
			},
			{
				"sectionNotes": [],
				"typeOfSection": 0,
				"lengthInSteps": 16,
				"altAnim": false,
				"mustHitSection": false,
				"changeBPM": false,
				"bpm": 180
			},
			{
				"sectionNotes": [],
				"typeOfSection": 0,
				"lengthInSteps": 16,
				"altAnim": false,
				"mustHitSection": false,
				"changeBPM": false,
				"bpm": 180
			},
			{
				"sectionNotes": [],
				"typeOfSection": 0,
				"lengthInSteps": 16,
				"altAnim": false,
				"mustHitSection": false,
				"changeBPM": false,
				"bpm": 180
			},
			{
				"sectionNotes": [],
				"typeOfSection": 0,
				"lengthInSteps": 16,
				"altAnim": false,
				"mustHitSection": true,
				"changeBPM": false,
				"bpm": 180
			},
			{
				"sectionNotes": [],
				"typeOfSection": 0,
				"lengthInSteps": 16,
				"altAnim": false,
				"mustHitSection": true,
				"changeBPM": false,
				"bpm": 180
			},
			{
				"sectionNotes": [],
				"typeOfSection": 0,
				"lengthInSteps": 16,
				"altAnim": false,
				"mustHitSection": true,
				"changeBPM": false,
				"bpm": 180
			},
			{
				"sectionNotes": [],
				"typeOfSection": 0,
				"lengthInSteps": 16,
				"altAnim": false,
				"mustHitSection": true,
				"changeBPM": false,
				"bpm": 180
			},
			{
				"sectionNotes": [],
				"typeOfSection": 0,
				"lengthInSteps": 16,
				"altAnim": false,
				"mustHitSection": false,
				"changeBPM": false,
				"bpm": 180
			},
			{
				"sectionNotes": [],
				"typeOfSection": 0,
				"lengthInSteps": 16,
				"altAnim": false,
				"mustHitSection": true,
				"changeBPM": false,
				"bpm": 180
			},
			{
				"sectionNotes": [],
				"typeOfSection": 0,
				"lengthInSteps": 16,
				"altAnim": false,
				"mustHitSection": true,
				"changeBPM": false,
				"bpm": 180
			},
			{
				"sectionNotes": [],
				"typeOfSection": 0,
				"lengthInSteps": 16,
				"altAnim": false,
				"mustHitSection": true,
				"changeBPM": false,
				"bpm": 180
			},
			{
				"lengthInSteps": 16,
				"typeOfSection": 0,
				"sectionNotes": [],
				"altAnim": false,
				"bpm": 180,
				"changeBPM": false,
				"mustHitSection": true
			},
			{
				"sectionNotes": [],
				"typeOfSection": 0,
				"lengthInSteps": 16,
				"gfSection": false,
				"altAnim": false,
				"mustHitSection": true,
				"changeBPM": false,
				"bpm": 180
			},
			{
				"sectionNotes": [],
				"typeOfSection": 0,
				"lengthInSteps": 16,
				"gfSection": false,
				"altAnim": false,
				"mustHitSection": true,
				"changeBPM": false,
				"bpm": 180
			},
			{
				"sectionNotes": [],
				"typeOfSection": 0,
				"lengthInSteps": 16,
				"gfSection": false,
				"altAnim": false,
				"mustHitSection": true,
				"changeBPM": false,
				"bpm": 180
			},
			{
				"sectionNotes": [],
				"typeOfSection": 0,
				"lengthInSteps": 16,
				"gfSection": false,
				"altAnim": false,
				"mustHitSection": true,
				"changeBPM": false,
				"bpm": 180
			},
			{
				"sectionNotes": [],
				"typeOfSection": 0,
				"lengthInSteps": 16,
				"gfSection": false,
				"altAnim": false,
				"mustHitSection": true,
				"changeBPM": false,
				"bpm": 180
			},
			{
				"sectionNotes": [],
				"typeOfSection": 0,
				"lengthInSteps": 16,
				"gfSection": false,
				"altAnim": false,
				"mustHitSection": true,
				"changeBPM": false,
				"bpm": 180
			},
			{
				"sectionNotes": [],
				"typeOfSection": 0,
				"lengthInSteps": 16,
				"gfSection": false,
				"altAnim": false,
				"mustHitSection": true,
				"changeBPM": false,
				"bpm": 180
			},
			{
				"sectionNotes": [],
				"typeOfSection": 0,
				"lengthInSteps": 16,
				"gfSection": false,
				"altAnim": false,
				"mustHitSection": true,
				"changeBPM": false,
				"bpm": 180
			},
			{
				"sectionNotes": [],
				"typeOfSection": 0,
				"lengthInSteps": 16,
				"gfSection": false,
				"altAnim": false,
				"mustHitSection": true,
				"changeBPM": false,
				"bpm": 180
			},
			{
				"sectionNotes": [],
				"typeOfSection": 0,
				"lengthInSteps": 16,
				"gfSection": false,
				"altAnim": false,
				"mustHitSection": true,
				"changeBPM": false,
				"bpm": 180
			},
			{
				"lengthInSteps": 16,
				"typeOfSection": 0,
				"sectionNotes": [],
				"altAnim": false,
				"gfSection": false,
				"bpm": 180,
				"changeBPM": false,
				"mustHitSection": true
			},
			{
				"sectionNotes": [],
				"typeOfSection": 0,
				"lengthInSteps": 16,
				"gfSection": false,
				"altAnim": false,
				"mustHitSection": true,
				"changeBPM": false,
				"bpm": 180
			},
			{
				"lengthInSteps": 16,
				"typeOfSection": 0,
				"sectionNotes": [],
				"altAnim": false,
				"gfSection": false,
				"bpm": 180,
				"changeBPM": false,
				"mustHitSection": true
			},
			{
				"lengthInSteps": 16,
				"typeOfSection": 0,
				"sectionNotes": [],
				"altAnim": false,
				"gfSection": false,
				"bpm": 180,
				"changeBPM": false,
				"mustHitSection": true
			},
			{
				"lengthInSteps": 16,
				"typeOfSection": 0,
				"sectionNotes": [],
				"altAnim": false,
				"gfSection": false,
				"bpm": 180,
				"changeBPM": false,
				"mustHitSection": true
			},
			{
				"sectionNotes": [],
				"typeOfSection": 0,
				"lengthInSteps": 16,
				"gfSection": false,
				"altAnim": false,
				"mustHitSection": true,
				"changeBPM": false,
				"bpm": 180
			},
			{
				"sectionNotes": [],
				"typeOfSection": 0,
				"lengthInSteps": 16,
				"gfSection": false,
				"altAnim": false,
				"mustHitSection": true,
				"changeBPM": false,
				"bpm": 180
			},
			{
				"sectionNotes": [],
				"typeOfSection": 0,
				"lengthInSteps": 16,
				"gfSection": false,
				"altAnim": false,
				"mustHitSection": true,
				"changeBPM": false,
				"bpm": 180
			},
			{
				"lengthInSteps": 16,
				"typeOfSection": 0,
				"sectionNotes": [],
				"altAnim": false,
				"gfSection": false,
				"bpm": 180,
				"changeBPM": false,
				"mustHitSection": true
			},
			{
				"sectionNotes": [],
				"typeOfSection": 0,
				"lengthInSteps": 16,
				"gfSection": false,
				"altAnim": false,
				"mustHitSection": true,
				"changeBPM": false,
				"bpm": 180
			},
			{
				"sectionNotes": [],
				"typeOfSection": 0,
				"lengthInSteps": 16,
				"gfSection": false,
				"altAnim": false,
				"mustHitSection": true,
				"changeBPM": false,
				"bpm": 98
			},
			{
				"sectionNotes": [],
				"typeOfSection": 0,
				"lengthInSteps": 16,
				"gfSection": false,
				"altAnim": false,
				"mustHitSection": true,
				"changeBPM": false,
				"bpm": 98
			},
			{
				"sectionNotes": [],
				"typeOfSection": 0,
				"lengthInSteps": 16,
				"gfSection": false,
				"altAnim": false,
				"mustHitSection": true,
				"changeBPM": false,
				"bpm": 98
			},
			{
				"sectionNotes": [],
				"typeOfSection": 0,
				"lengthInSteps": 16,
				"gfSection": false,
				"altAnim": false,
				"mustHitSection": true,
				"changeBPM": false,
				"bpm": 98
			},
			{
				"sectionNotes": [],
				"typeOfSection": 0,
				"lengthInSteps": 16,
				"gfSection": false,
				"altAnim": false,
				"mustHitSection": true,
				"changeBPM": false,
				"bpm": 98
			},
			{
				"sectionNotes": [],
				"typeOfSection": 0,
				"lengthInSteps": 16,
				"gfSection": false,
				"altAnim": false,
				"mustHitSection": true,
				"changeBPM": false,
				"bpm": 98
			},
			{
				"sectionNotes": [],
				"typeOfSection": 0,
				"lengthInSteps": 16,
				"gfSection": false,
				"altAnim": false,
				"mustHitSection": true,
				"changeBPM": false,
				"bpm": 98
			},
			{
				"sectionNotes": [],
				"typeOfSection": 0,
				"lengthInSteps": 16,
				"gfSection": false,
				"altAnim": false,
				"mustHitSection": true,
				"changeBPM": false,
				"bpm": 98
			},
			{
				"sectionNotes": [],
				"typeOfSection": 0,
				"lengthInSteps": 16,
				"gfSection": false,
				"altAnim": false,
				"mustHitSection": true,
				"changeBPM": false,
				"bpm": 98
			},
			{
				"lengthInSteps": 16,
				"typeOfSection": 0,
				"sectionNotes": [],
				"altAnim": false,
				"gfSection": false,
				"bpm": 98,
				"changeBPM": false,
				"mustHitSection": true
			},
			{
				"lengthInSteps": 16,
				"typeOfSection": 0,
				"sectionNotes": [],
				"altAnim": false,
				"gfSection": false,
				"bpm": 98,
				"changeBPM": false,
				"mustHitSection": true
			},
			{
				"lengthInSteps": 16,
				"typeOfSection": 0,
				"sectionNotes": [],
				"altAnim": false,
				"gfSection": false,
				"bpm": 98,
				"changeBPM": false,
				"mustHitSection": true
			},
			{
				"lengthInSteps": 16,
				"typeOfSection": 0,
				"sectionNotes": [],
				"altAnim": false,
				"gfSection": false,
				"bpm": 98,
				"changeBPM": false,
				"mustHitSection": true
			},
			{
				"lengthInSteps": 16,
				"typeOfSection": 0,
				"sectionNotes": [],
				"altAnim": false,
				"gfSection": false,
				"bpm": 98,
				"changeBPM": false,
				"mustHitSection": true
			},
			{
				"lengthInSteps": 16,
				"typeOfSection": 0,
				"sectionNotes": [],
				"altAnim": false,
				"gfSection": false,
				"bpm": 98,
				"changeBPM": false,
				"mustHitSection": true
			},
			{
				"lengthInSteps": 16,
				"typeOfSection": 0,
				"sectionNotes": [],
				"altAnim": false,
				"gfSection": false,
				"bpm": 98,
				"changeBPM": false,
				"mustHitSection": true
			},
			{
				"lengthInSteps": 16,
				"typeOfSection": 0,
				"sectionNotes": [],
				"altAnim": false,
				"gfSection": false,
				"bpm": 98,
				"changeBPM": false,
				"mustHitSection": true
			},
			{
				"lengthInSteps": 16,
				"typeOfSection": 0,
				"sectionNotes": [],
				"altAnim": false,
				"gfSection": false,
				"bpm": 98,
				"changeBPM": false,
				"mustHitSection": true
			},
			{
				"sectionNotes": [],
				"typeOfSection": 0,
				"lengthInSteps": 16,
				"gfSection": false,
				"altAnim": false,
				"mustHitSection": true,
				"changeBPM": false,
				"bpm": 98
			},
			{
				"sectionNotes": [],
				"typeOfSection": 0,
				"lengthInSteps": 16,
				"gfSection": false,
				"altAnim": false,
				"mustHitSection": true,
				"changeBPM": false,
				"bpm": 98
			},
			{
				"sectionNotes": [],
				"typeOfSection": 0,
				"lengthInSteps": 16,
				"gfSection": false,
				"altAnim": false,
				"mustHitSection": true,
				"changeBPM": false,
				"bpm": 98
			},
			{
				"sectionNotes": [],
				"typeOfSection": 0,
				"lengthInSteps": 16,
				"gfSection": false,
				"altAnim": false,
				"mustHitSection": true,
				"changeBPM": false,
				"bpm": 98
			},
			{
				"sectionNotes": [],
				"typeOfSection": 0,
				"lengthInSteps": 16,
				"gfSection": false,
				"altAnim": false,
				"mustHitSection": true,
				"changeBPM": false,
				"bpm": 98
			},
			{
				"lengthInSteps": 16,
				"typeOfSection": 0,
				"sectionNotes": [],
				"altAnim": false,
				"gfSection": false,
				"bpm": 98,
				"changeBPM": false,
				"mustHitSection": true
			},
			{
				"lengthInSteps": 16,
				"typeOfSection": 0,
				"sectionNotes": [],
				"altAnim": false,
				"gfSection": false,
				"bpm": 98,
				"changeBPM": false,
				"mustHitSection": true
			},
			{
				"lengthInSteps": 16,
				"typeOfSection": 0,
				"sectionNotes": [],
				"altAnim": false,
				"gfSection": false,
				"bpm": 98,
				"changeBPM": false,
				"mustHitSection": true
			},
			{
				"lengthInSteps": 16,
				"typeOfSection": 0,
				"sectionNotes": [],
				"altAnim": false,
				"gfSection": false,
				"bpm": 98,
				"changeBPM": false,
				"mustHitSection": true
			},
			{
				"lengthInSteps": 16,
				"typeOfSection": 0,
				"sectionNotes": [],
				"altAnim": false,
				"gfSection": false,
				"bpm": 98,
				"changeBPM": false,
				"mustHitSection": true
			},
			{
				"lengthInSteps": 16,
				"typeOfSection": 0,
				"sectionNotes": [],
				"altAnim": false,
				"gfSection": false,
				"bpm": 98,
				"changeBPM": false,
				"mustHitSection": true
			},
			{
				"lengthInSteps": 16,
				"typeOfSection": 0,
				"sectionNotes": [],
				"altAnim": false,
				"gfSection": false,
				"bpm": 98,
				"changeBPM": false,
				"mustHitSection": true
			},
			{
				"lengthInSteps": 16,
				"typeOfSection": 0,
				"sectionNotes": [],
				"altAnim": false,
				"gfSection": false,
				"bpm": 98,
				"changeBPM": false,
				"mustHitSection": true
			},
			{
				"lengthInSteps": 16,
				"typeOfSection": 0,
				"sectionNotes": [],
				"altAnim": false,
				"gfSection": false,
				"bpm": 98,
				"changeBPM": false,
				"mustHitSection": true
			},
			{
				"lengthInSteps": 16,
				"typeOfSection": 0,
				"sectionNotes": [],
				"altAnim": false,
				"gfSection": false,
				"bpm": 98,
				"changeBPM": false,
				"mustHitSection": true
			},
			{
				"lengthInSteps": 16,
				"typeOfSection": 0,
				"sectionNotes": [],
				"altAnim": false,
				"gfSection": false,
				"bpm": 98,
				"changeBPM": false,
				"mustHitSection": true
			},
			{
				"lengthInSteps": 16,
				"typeOfSection": 0,
				"sectionNotes": [],
				"altAnim": false,
				"gfSection": false,
				"bpm": 98,
				"changeBPM": false,
				"mustHitSection": true
			},
			{
				"lengthInSteps": 16,
				"typeOfSection": 0,
				"sectionNotes": [],
				"altAnim": false,
				"gfSection": false,
				"bpm": 98,
				"changeBPM": false,
				"mustHitSection": true
			},
			{
				"lengthInSteps": 16,
				"typeOfSection": 0,
				"sectionNotes": [],
				"altAnim": false,
				"gfSection": false,
				"bpm": 98,
				"changeBPM": false,
				"mustHitSection": true
			},
			{
				"lengthInSteps": 16,
				"typeOfSection": 0,
				"sectionNotes": [],
				"altAnim": false,
				"gfSection": false,
				"bpm": 98,
				"changeBPM": false,
				"mustHitSection": true
			},
			{
				"lengthInSteps": 16,
				"typeOfSection": 0,
				"sectionNotes": [],
				"altAnim": false,
				"gfSection": false,
				"bpm": 98,
				"changeBPM": false,
				"mustHitSection": true
			},
			{
				"lengthInSteps": 16,
				"typeOfSection": 0,
				"sectionNotes": [],
				"altAnim": false,
				"gfSection": false,
				"bpm": 98,
				"changeBPM": false,
				"mustHitSection": true
			},
			{
				"lengthInSteps": 16,
				"typeOfSection": 0,
				"sectionNotes": [],
				"altAnim": false,
				"gfSection": false,
				"bpm": 98,
				"changeBPM": false,
				"mustHitSection": true
			},
			{
				"lengthInSteps": 16,
				"typeOfSection": 0,
				"sectionNotes": [],
				"altAnim": false,
				"gfSection": false,
				"bpm": 98,
				"changeBPM": false,
				"mustHitSection": true
			},
			{
				"lengthInSteps": 16,
				"typeOfSection": 0,
				"sectionNotes": [],
				"altAnim": false,
				"gfSection": false,
				"bpm": 98,
				"changeBPM": false,
				"mustHitSection": true
			},
			{
				"lengthInSteps": 16,
				"typeOfSection": 0,
				"sectionNotes": [],
				"altAnim": false,
				"gfSection": false,
				"bpm": 98,
				"changeBPM": false,
				"mustHitSection": true
			},
			{
				"lengthInSteps": 16,
				"typeOfSection": 0,
				"sectionNotes": [],
				"altAnim": false,
				"gfSection": false,
				"bpm": 98,
				"changeBPM": false,
				"mustHitSection": true
			},
			{
				"lengthInSteps": 16,
				"typeOfSection": 0,
				"sectionNotes": [],
				"altAnim": false,
				"gfSection": false,
				"bpm": 98,
				"changeBPM": false,
				"mustHitSection": true
			},
			{
				"lengthInSteps": 16,
				"typeOfSection": 0,
				"sectionNotes": [],
				"altAnim": false,
				"gfSection": false,
				"bpm": 98,
				"changeBPM": false,
				"mustHitSection": true
			},
			{
				"lengthInSteps": 16,
				"typeOfSection": 0,
				"sectionNotes": [],
				"altAnim": false,
				"gfSection": false,
				"bpm": 98,
				"changeBPM": false,
				"mustHitSection": true
			},
			{
				"lengthInSteps": 16,
				"typeOfSection": 0,
				"sectionNotes": [],
				"altAnim": false,
				"gfSection": false,
				"bpm": 98,
				"changeBPM": false,
				"mustHitSection": true
			},
			{
				"lengthInSteps": 16,
				"typeOfSection": 0,
				"sectionNotes": [],
				"altAnim": false,
				"gfSection": false,
				"bpm": 98,
				"changeBPM": false,
				"mustHitSection": true
			},
			{
				"lengthInSteps": 16,
				"typeOfSection": 0,
				"sectionNotes": [],
				"altAnim": false,
				"gfSection": false,
				"bpm": 98,
				"changeBPM": false,
				"mustHitSection": true
			},
			{
				"lengthInSteps": 16,
				"typeOfSection": 0,
				"sectionNotes": [],
				"altAnim": false,
				"gfSection": false,
				"bpm": 98,
				"changeBPM": false,
				"mustHitSection": true
			},
			{
				"lengthInSteps": 16,
				"typeOfSection": 0,
				"sectionNotes": [],
				"altAnim": false,
				"gfSection": false,
				"bpm": 98,
				"changeBPM": false,
				"mustHitSection": true
			},
			{
				"lengthInSteps": 16,
				"typeOfSection": 0,
				"sectionNotes": [],
				"altAnim": false,
				"gfSection": false,
				"bpm": 98,
				"changeBPM": false,
				"mustHitSection": true
			},
			{
				"lengthInSteps": 16,
				"typeOfSection": 0,
				"sectionNotes": [],
				"altAnim": false,
				"gfSection": false,
				"bpm": 98,
				"changeBPM": false,
				"mustHitSection": true
			},
			{
				"lengthInSteps": 16,
				"typeOfSection": 0,
				"sectionNotes": [],
				"altAnim": false,
				"gfSection": false,
				"bpm": 98,
				"changeBPM": false,
				"mustHitSection": true
			},
			{
				"lengthInSteps": 16,
				"typeOfSection": 0,
				"sectionNotes": [],
				"altAnim": false,
				"gfSection": false,
				"bpm": 98,
				"changeBPM": false,
				"mustHitSection": true
			},
			{
				"lengthInSteps": 16,
				"typeOfSection": 0,
				"sectionNotes": [],
				"altAnim": false,
				"gfSection": false,
				"bpm": 98,
				"changeBPM": false,
				"mustHitSection": true
			},
			{
				"lengthInSteps": 16,
				"typeOfSection": 0,
				"sectionNotes": [],
				"altAnim": false,
				"gfSection": false,
				"bpm": 98,
				"changeBPM": false,
				"mustHitSection": true
			},
			{
				"lengthInSteps": 16,
				"typeOfSection": 0,
				"sectionNotes": [],
				"altAnim": false,
				"gfSection": false,
				"bpm": 98,
				"changeBPM": false,
				"mustHitSection": true
			},
			{
				"sectionNotes": [],
				"typeOfSection": 0,
				"lengthInSteps": 16,
				"gfSection": false,
				"altAnim": false,
				"mustHitSection": true,
				"changeBPM": false,
				"bpm": 98
			},
			{
				"lengthInSteps": 16,
				"typeOfSection": 0,
				"sectionNotes": [],
				"altAnim": false,
				"gfSection": false,
				"bpm": 98,
				"changeBPM": false,
				"mustHitSection": true
			},
			{
				"lengthInSteps": 16,
				"typeOfSection": 0,
				"sectionNotes": [],
				"altAnim": false,
				"gfSection": false,
				"bpm": 98,
				"changeBPM": false,
				"mustHitSection": true
			},
			{
				"lengthInSteps": 16,
				"typeOfSection": 0,
				"sectionNotes": [],
				"altAnim": false,
				"gfSection": false,
				"bpm": 98,
				"changeBPM": false,
				"mustHitSection": true
			},
			{
				"sectionNotes": [],
				"typeOfSection": 0,
				"lengthInSteps": 16,
				"gfSection": false,
				"altAnim": false,
				"mustHitSection": true,
				"changeBPM": false,
				"bpm": 98
			},
			{
				"gfSection": false,
				"lengthInSteps": 16,
				"altAnim": false,
				"typeOfSection": 0,
				"sectionNotes": [],
				"bpm": 98,
				"changeBPM": false,
				"mustHitSection": true
			}
		],
		"player3": "gf-pixel",
		"song": "Mas-fuerte-que-tu",
		"stage": "out",
		"needsVoices": true,
		"validScore": true,
		"speed": 2.7,
		"bpm": 98
	}
}