{
	"song": {
		"player1": "bf-pixel-cam",
		"notes": [
			{
				"sectionNotes": [
					[
						0,
						2,
						170.454545454545
					],
					[
						340.909090909091,
						2,
						0
					],
					[
						511.363636363636,
						0,
						0
					],
					[
						681.818181818182,
						1,
						0
					],
					[
						852.272727272727,
						0,
						0
					],
					[
						1193.18181818182,
						3,
						170.454545454545
					],
					[
						0,
						-1,
						"handlerTextBox",
						"bit-bone",
						""
					]
				],
				"lengthInSteps": 16,
				"mustHitSection": false
			},
			{
				"sectionNotes": [
					[
						1534.09090909091,
						2,
						0
					],
					[
						1704.54545454545,
						0,
						0
					],
					[
						1875,
						3,
						170.454545454545
					],
					[
						2215.90909090909,
						2,
						0
					],
					[
						2386.36363636364,
						3,
						0
					],
					[
						2556.81818181818,
						1,
						0
					]
				],
				"lengthInSteps": 16,
				"mustHitSection": false
			},
			{
				"sectionNotes": [
					[
						2727.27272727273,
						2,
						170.454545454545
					],
					[
						3068.18181818182,
						0,
						170.454545454545
					],
					[
						3409.09090909091,
						3,
						0
					],
					[
						3579.54545454545,
						2,
						0
					],
					[
						3920.45454545455,
						1,
						170.454545454545
					]
				],
				"lengthInSteps": 16,
				"mustHitSection": false
			},
			{
				"sectionNotes": [
					[
						4261.36363636364,
						2,
						0
					],
					[
						4431.81818181818,
						0,
						0
					],
					[
						4602.27272727273,
						2,
						170.454545454545
					],
					[
						4943.18181818182,
						1,
						0
					],
					[
						5113.63636363636,
						3,
						0
					],
					[
						5284.09090909091,
						0,
						0
					]
				],
				"lengthInSteps": 16,
				"mustHitSection": false
			},
			{
				"sectionNotes": [
					[
						5454.54545454545,
						2,
						170.454545454545
					],
					[
						5795.45454545455,
						2,
						0
					],
					[
						5965.90909090909,
						0,
						0
					],
					[
						6136.36363636364,
						1,
						0
					],
					[
						6306.81818181818,
						0,
						0
					],
					[
						6647.72727272727,
						3,
						170.454545454545
					]
				],
				"lengthInSteps": 16,
				"mustHitSection": true
			},
			{
				"sectionNotes": [
					[
						6988.63636363636,
						2,
						0
					],
					[
						7159.09090909091,
						0,
						0
					],
					[
						7329.54545454545,
						3,
						170.454545454545
					],
					[
						7670.45454545455,
						2,
						0
					],
					[
						7840.90909090909,
						3,
						0
					],
					[
						8011.36363636364,
						1,
						0
					]
				],
				"lengthInSteps": 16,
				"mustHitSection": true
			},
			{
				"sectionNotes": [
					[
						8181.81818181818,
						2,
						170.454545454545
					],
					[
						8522.72727272727,
						0,
						170.454545454545
					],
					[
						8863.63636363636,
						3,
						0
					],
					[
						9034.09090909091,
						2,
						0
					],
					[
						9375,
						1,
						170.454545454545
					]
				],
				"lengthInSteps": 16,
				"mustHitSection": true
			},
			{
				"sectionNotes": [
					[
						9715.90909090909,
						2,
						0
					],
					[
						9886.36363636364,
						0,
						0
					],
					[
						10056.8181818182,
						2,
						170.454545454545
					],
					[
						10397.7272727273,
						1,
						0
					],
					[
						10568.1818181818,
						3,
						0
					],
					[
						10738.6363636364,
						0,
						0
					]
				],
				"lengthInSteps": 16,
				"mustHitSection": true
			},
			{
				"sectionNotes": [
					[
						10909.0909090909,
						1,
						170.454545454545
					],
					[
						11250,
						2,
						0
					],
					[
						11420.4545454545,
						0,
						0
					],
					[
						11590.9090909091,
						3,
						0
					],
					[
						11761.3636363636,
						3,
						0
					],
					[
						12102.2727272727,
						2,
						596.590909090909
					]
				],
				"lengthInSteps": 16,
				"mustHitSection": false
			},
			{
				"sectionNotes": [
					[
						12954.5454545455,
						1,
						170.454545454545
					],
					[
						13295.4545454545,
						3,
						170.454545454545
					]
				],
				"lengthInSteps": 16,
				"mustHitSection": false
			},
			{
				"sectionNotes": [
					[
						13636.3636363636,
						0,
						0
					],
					[
						13977.2727272727,
						1,
						0
					],
					[
						14318.1818181818,
						0,
						0
					],
					[
						14488.6363636364,
						1,
						0
					],
					[
						14829.5454545455,
						3,
						170.454545454545
					]
				],
				"lengthInSteps": 16,
				"mustHitSection": false
			},
			{
				"sectionNotes": [
					[
						15170.4545454545,
						2,
						0
					],
					[
						15340.9090909091,
						3,
						0
					],
					[
						15511.3636363636,
						0,
						0
					],
					[
						15681.8181818182,
						3,
						0
					],
					[
						15852.2727272727,
						1,
						0
					],
					[
						16022.7272727273,
						2,
						0
					],
					[
						16193.1818181818,
						0,
						0
					]
				],
				"lengthInSteps": 16,
				"mustHitSection": false
			},
			{
				"sectionNotes": [
					[
						16363.6363636364,
						1,
						170.454545454545
					],
					[
						16704.5454545455,
						2,
						0
					],
					[
						16875,
						0,
						0
					],
					[
						17045.4545454545,
						3,
						0
					],
					[
						17215.9090909091,
						3,
						0
					],
					[
						17556.8181818182,
						2,
						596.590909090909
					]
				],
				"lengthInSteps": 16,
				"mustHitSection": true
			},
			{
				"sectionNotes": [
					[
						18409.0909090909,
						1,
						170.454545454545
					],
					[
						18750,
						3,
						170.454545454545
					]
				],
				"lengthInSteps": 16,
				"mustHitSection": true
			},
			{
				"sectionNotes": [
					[
						19090.9090909091,
						0,
						0
					],
					[
						19431.8181818182,
						1,
						0
					],
					[
						19772.7272727273,
						0,
						0
					],
					[
						19943.1818181818,
						1,
						0
					],
					[
						20284.0909090909,
						3,
						170.454545454545
					]
				],
				"lengthInSteps": 16,
				"mustHitSection": true
			},
			{
				"sectionNotes": [
					[
						20625,
						2,
						0
					],
					[
						20795.4545454545,
						3,
						0
					],
					[
						20965.9090909091,
						0,
						0
					],
					[
						21136.3636363636,
						3,
						0
					],
					[
						21306.8181818182,
						1,
						0
					],
					[
						21477.2727272727,
						2,
						0
					],
					[
						21647.7272727273,
						0,
						0
					]
				],
				"lengthInSteps": 16,
				"mustHitSection": true
			},
			{
				"sectionNotes": [
					[
						21818.1818181818,
						3,
						0
					],
					[
						21988.6363636364,
						2,
						0
					],
					[
						22329.5454545455,
						0,
						0
					],
					[
						22500,
						3,
						0
					],
					[
						22670.4545454545,
						1,
						0
					],
					[
						22840.9090909091,
						2,
						0
					],
					[
						23011.3636363636,
						0,
						0
					]
				],
				"lengthInSteps": 16,
				"mustHitSection": false
			},
			{
				"sectionNotes": [
					[
						23181.8181818182,
						3,
						170.454545454545
					],
					[
						23522.7272727273,
						1,
						0
					],
					[
						24034.0909090909,
						1,
						0
					],
					[
						23693.1818181818,
						2,
						170.454545454545
					],
					[
						24204.5454545455,
						0,
						0
					],
					[
						24375,
						2,
						0
					]
				],
				"lengthInSteps": 16,
				"mustHitSection": false
			},
			{
				"sectionNotes": [
					[
						24545.4545454545,
						3,
						0
					],
					[
						24886.3636363636,
						2,
						0
					],
					[
						25056.8181818182,
						1,
						170.454545454545
					],
					[
						25397.7272727273,
						3,
						0
					],
					[
						25568.1818181818,
						0,
						0
					],
					[
						25738.6363636364,
						3,
						0
					]
				],
				"lengthInSteps": 16,
				"mustHitSection": false
			},
			{
				"sectionNotes": [
					[
						25909.0909090909,
						1,
						0
					],
					[
						26079.5454545455,
						2,
						0
					],
					[
						26250,
						0,
						0
					],
					[
						26420.4545454545,
						2,
						0
					],
					[
						26590.9090909091,
						3,
						0
					],
					[
						26761.3636363636,
						1,
						0
					],
					[
						26931.8181818182,
						2,
						0
					],
					[
						27102.2727272727,
						0,
						0
					]
				],
				"lengthInSteps": 16,
				"mustHitSection": false
			},
			{
				"sectionNotes": [
					[
						27272.7272727273,
						3,
						0
					],
					[
						27443.1818181818,
						2,
						0
					],
					[
						27784.0909090909,
						0,
						0
					],
					[
						27954.5454545455,
						3,
						0
					],
					[
						28125,
						1,
						0
					],
					[
						28295.4545454545,
						2,
						0
					],
					[
						28465.9090909091,
						0,
						0
					]
				],
				"lengthInSteps": 16,
				"mustHitSection": true
			},
			{
				"sectionNotes": [
					[
						28636.3636363636,
						3,
						170.454545454545
					],
					[
						28977.2727272727,
						1,
						0
					],
					[
						29488.6363636364,
						1,
						0
					],
					[
						29147.7272727273,
						2,
						170.454545454545
					],
					[
						29659.0909090909,
						0,
						0
					],
					[
						29829.5454545455,
						2,
						0
					]
				],
				"lengthInSteps": 16,
				"mustHitSection": true
			},
			{
				"sectionNotes": [
					[
						30000,
						3,
						0
					],
					[
						30340.9090909091,
						2,
						0
					],
					[
						30511.3636363636,
						1,
						170.454545454545
					],
					[
						30852.2727272727,
						3,
						0
					],
					[
						31022.7272727273,
						0,
						0
					],
					[
						31193.1818181818,
						3,
						0
					]
				],
				"lengthInSteps": 16,
				"mustHitSection": true
			},
			{
				"sectionNotes": [
					[
						31363.6363636364,
						1,
						0
					],
					[
						31534.0909090909,
						2,
						0
					],
					[
						31704.5454545455,
						0,
						0
					],
					[
						31875,
						2,
						0
					],
					[
						32045.4545454545,
						3,
						0
					],
					[
						32215.9090909091,
						1,
						0
					],
					[
						32386.3636363636,
						2,
						0
					],
					[
						32556.8181818182,
						0,
						0
					]
				],
				"lengthInSteps": 16,
				"mustHitSection": true
			},
			{
				"sectionNotes": [
					[
						32727.2727272727,
						0,
						0
					],
					[
						32897.7272727273,
						2,
						0
					],
					[
						33068.1818181818,
						1,
						0
					],
					[
						33238.6363636364,
						2,
						0
					],
					[
						33409.0909090909,
						0,
						170.454545454545
					],
					[
						33664.7727272727,
						1,
						0
					],
					[
						33750,
						2,
						0
					],
					[
						33920.4545454546,
						3,
						0
					]
				],
				"lengthInSteps": 16,
				"mustHitSection": false
			},
			{
				"sectionNotes": [
					[
						34090.9090909091,
						1,
						0
					],
					[
						34261.3636363636,
						3,
						0
					],
					[
						34431.8181818182,
						2,
						0
					],
					[
						34602.2727272727,
						3,
						0
					],
					[
						34772.7272727273,
						0,
						0
					],
					[
						34943.1818181818,
						3,
						0
					],
					[
						35113.6363636364,
						2,
						0
					],
					[
						35284.0909090909,
						3,
						0
					]
				],
				"lengthInSteps": 16,
				"mustHitSection": false
			},
			{
				"sectionNotes": [
					[
						35454.5454545455,
						1,
						0
					],
					[
						35625,
						1,
						0
					],
					[
						35795.4545454545,
						2,
						0
					],
					[
						35965.9090909091,
						0,
						0
					],
					[
						36136.3636363636,
						2,
						170.454545454545
					],
					[
						36392.0454545455,
						3,
						0
					],
					[
						36477.2727272727,
						1,
						0
					],
					[
						36647.7272727273,
						0,
						0
					]
				],
				"lengthInSteps": 16,
				"mustHitSection": false
			},
			{
				"sectionNotes": [
					[
						36818.1818181818,
						2,
						0
					],
					[
						36988.6363636364,
						0,
						0
					],
					[
						37159.0909090909,
						1,
						0
					],
					[
						37329.5454545455,
						0,
						0
					],
					[
						37500,
						2,
						0
					],
					[
						37670.4545454545,
						1,
						0
					],
					[
						37840.9090909091,
						3,
						0
					],
					[
						38011.3636363636,
						3,
						0
					]
				],
				"lengthInSteps": 16,
				"mustHitSection": false
			},
			{
				"sectionNotes": [
					[
						38181.8181818182,
						0,
						0
					],
					[
						38522.7272727273,
						1,
						0
					],
					[
						38693.1818181818,
						2,
						0
					],
					[
						38863.6363636364,
						0,
						170.454545454545
					],
					[
						39119.3181818182,
						1,
						0
					],
					[
						39204.5454545455,
						2,
						0
					],
					[
						39375,
						3,
						0
					]
				],
				"lengthInSteps": 16,
				"mustHitSection": true
			},
			{
				"sectionNotes": [
					[
						39545.4545454546,
						1,
						0
					],
					[
						39715.9090909091,
						3,
						0
					],
					[
						39886.3636363636,
						2,
						0
					],
					[
						40056.8181818182,
						3,
						0
					],
					[
						40227.2727272727,
						0,
						0
					],
					[
						40397.7272727273,
						3,
						0
					],
					[
						40568.1818181818,
						2,
						0
					],
					[
						40738.6363636364,
						3,
						0
					]
				],
				"lengthInSteps": 16,
				"mustHitSection": true
			},
			{
				"sectionNotes": [
					[
						40909.0909090909,
						1,
						0
					],
					[
						41079.5454545455,
						1,
						0
					],
					[
						41250,
						2,
						0
					],
					[
						41420.4545454546,
						0,
						0
					],
					[
						41590.9090909091,
						2,
						170.454545454545
					],
					[
						41846.5909090909,
						3,
						0
					],
					[
						41931.8181818182,
						1,
						0
					],
					[
						42102.2727272727,
						0,
						0
					]
				],
				"lengthInSteps": 16,
				"mustHitSection": true
			},
			{
				"sectionNotes": [
					[
						42272.7272727273,
						2,
						0
					],
					[
						42443.1818181818,
						0,
						0
					],
					[
						42613.6363636364,
						1,
						0
					],
					[
						42784.0909090909,
						0,
						0
					],
					[
						42954.5454545455,
						2,
						0
					],
					[
						43125,
						1,
						0
					],
					[
						43295.4545454545,
						3,
						0
					],
					[
						43465.9090909091,
						3,
						0
					]
				],
				"lengthInSteps": 16,
				"mustHitSection": true
			},
			{
				"lengthInSteps": 16,
				"typeOfSection": 0,
				"sectionNotes": [
					[
						43636.3636363636,
						0,
						0
					],
					[
						43977.2727272727,
						1,
						0
					],
					[
						44147.7272727273,
						2,
						0
					],
					[
						44318.1818181818,
						0,
						170.454545454545
					],
					[
						44573.8636363636,
						1,
						0
					],
					[
						44659.0909090909,
						2,
						0
					],
					[
						44829.5454545455,
						3,
						0
					],
					[
						43636.3636363636,
						5,
						0
					],
					[
						43892.0454545454,
						4,
						0
					],
					[
						44147.7272727273,
						5,
						0
					],
					[
						44403.4090909091,
						7,
						0
					],
					[
						44659.0909090909,
						5,
						0
					],
					[
						44829.5454545454,
						4,
						0
					]
				],
				"altAnim": false,
				"bpm": 100,
				"changeBPM": false,
				"mustHitSection": false
			},
			{
				"lengthInSteps": 16,
				"typeOfSection": 0,
				"sectionNotes": [
					[
						45000,
						1,
						0
					],
					[
						45170.4545454546,
						3,
						0
					],
					[
						45340.9090909091,
						2,
						0
					],
					[
						45511.3636363636,
						3,
						0
					],
					[
						45681.8181818182,
						0,
						0
					],
					[
						45852.2727272727,
						3,
						0
					],
					[
						46022.7272727273,
						2,
						0
					],
					[
						46193.1818181818,
						3,
						0
					],
					[
						45000,
						6,
						0
					],
					[
						45255.6818181818,
						7,
						0
					],
					[
						45511.3636363636,
						6,
						0
					],
					[
						45767.0454545454,
						4,
						0
					],
					[
						46022.7272727273,
						6,
						0
					],
					[
						46193.1818181818,
						7,
						0
					]
				],
				"altAnim": false,
				"bpm": 176,
				"changeBPM": false,
				"mustHitSection": false
			},
			{
				"lengthInSteps": 16,
				"typeOfSection": 0,
				"sectionNotes": [
					[
						46363.6363636364,
						1,
						0
					],
					[
						46534.0909090909,
						1,
						0
					],
					[
						46704.5454545455,
						2,
						0
					],
					[
						46875,
						0,
						0
					],
					[
						47045.4545454546,
						2,
						170.454545454545
					],
					[
						47301.1363636364,
						3,
						0
					],
					[
						47386.3636363636,
						1,
						0
					],
					[
						47556.8181818182,
						0,
						0
					],
					[
						46363.6363636363,
						5,
						0
					],
					[
						46619.3181818182,
						6,
						0
					],
					[
						46875,
						5,
						0
					],
					[
						47130.6818181818,
						4,
						0
					],
					[
						47386.3636363636,
						7,
						0
					],
					[
						47556.8181818182,
						4,
						0
					]
				],
				"altAnim": false,
				"bpm": 176,
				"changeBPM": false,
				"mustHitSection": false
			},
			{
				"lengthInSteps": 16,
				"typeOfSection": 0,
				"sectionNotes": [
					[
						47727.2727272727,
						2,
						0
					],
					[
						47897.7272727273,
						0,
						0
					],
					[
						48068.1818181818,
						1,
						0
					],
					[
						48238.6363636364,
						0,
						0
					],
					[
						48409.0909090909,
						2,
						0
					],
					[
						48579.5454545455,
						1,
						0
					],
					[
						48750,
						3,
						0
					],
					[
						48920.4545454545,
						3,
						0
					],
					[
						47727.2727272727,
						6,
						0
					],
					[
						47982.9545454545,
						5,
						0
					],
					[
						48238.6363636363,
						6,
						0
					],
					[
						48494.3181818182,
						7,
						0
					],
					[
						48750,
						4,
						0
					],
					[
						48920.4545454545,
						5,
						0
					]
				],
				"altAnim": false,
				"bpm": 176,
				"changeBPM": false,
				"mustHitSection": false
			},
			{
				"lengthInSteps": 16,
				"typeOfSection": 0,
				"sectionNotes": [
					[
						49090.9090909091,
						0,
						0
					],
					[
						49431.8181818182,
						1,
						0
					],
					[
						49602.2727272727,
						2,
						0
					],
					[
						49772.7272727273,
						0,
						170.454545454545
					],
					[
						50028.4090909091,
						1,
						0
					],
					[
						50113.6363636364,
						2,
						0
					],
					[
						50284.0909090909,
						3,
						0
					],
					[
						49090.9090909091,
						5,
						0
					],
					[
						49346.5909090909,
						4,
						0
					],
					[
						49602.2727272727,
						5,
						0
					],
					[
						49857.9545454545,
						7,
						0
					],
					[
						50113.6363636363,
						5,
						0
					],
					[
						50284.0909090909,
						4,
						0
					]
				],
				"altAnim": false,
				"bpm": 176,
				"changeBPM": false,
				"mustHitSection": true
			},
			{
				"lengthInSteps": 16,
				"typeOfSection": 0,
				"sectionNotes": [
					[
						50454.5454545455,
						1,
						0
					],
					[
						50625,
						3,
						0
					],
					[
						50795.4545454546,
						2,
						0
					],
					[
						50965.9090909091,
						3,
						0
					],
					[
						51136.3636363636,
						0,
						0
					],
					[
						51306.8181818182,
						3,
						0
					],
					[
						51477.2727272727,
						2,
						0
					],
					[
						51647.7272727273,
						3,
						0
					],
					[
						50454.5454545454,
						6,
						0
					],
					[
						50710.2272727273,
						7,
						0
					],
					[
						50965.9090909091,
						6,
						0
					],
					[
						51221.5909090909,
						4,
						0
					],
					[
						51477.2727272727,
						6,
						0
					],
					[
						51647.7272727273,
						7,
						0
					]
				],
				"altAnim": false,
				"bpm": 176,
				"changeBPM": false,
				"mustHitSection": true
			},
			{
				"lengthInSteps": 16,
				"typeOfSection": 0,
				"sectionNotes": [
					[
						51818.1818181818,
						1,
						0
					],
					[
						51988.6363636364,
						1,
						0
					],
					[
						52159.0909090909,
						2,
						0
					],
					[
						52329.5454545455,
						0,
						0
					],
					[
						52500,
						2,
						170.454545454545
					],
					[
						52755.6818181818,
						3,
						0
					],
					[
						52840.9090909091,
						1,
						0
					],
					[
						53011.3636363636,
						0,
						0
					],
					[
						51818.1818181818,
						5,
						0
					],
					[
						52073.8636363636,
						6,
						0
					],
					[
						52329.5454545454,
						5,
						0
					],
					[
						52585.2272727273,
						4,
						0
					],
					[
						52840.9090909091,
						7,
						0
					],
					[
						53011.3636363636,
						4,
						0
					]
				],
				"altAnim": false,
				"bpm": 176,
				"changeBPM": false,
				"mustHitSection": true
			},
			{
				"lengthInSteps": 16,
				"typeOfSection": 0,
				"sectionNotes": [
					[
						53181.8181818182,
						2,
						0
					],
					[
						53352.2727272727,
						0,
						0
					],
					[
						53522.7272727273,
						1,
						0
					],
					[
						53693.1818181818,
						0,
						0
					],
					[
						53863.6363636364,
						2,
						0
					],
					[
						54034.0909090909,
						1,
						0
					],
					[
						54204.5454545455,
						3,
						0
					],
					[
						54375,
						3,
						0
					],
					[
						53181.8181818182,
						6,
						0
					],
					[
						53437.5,
						5,
						0
					],
					[
						53693.1818181818,
						6,
						0
					],
					[
						53948.8636363636,
						7,
						0
					],
					[
						54204.5454545454,
						4,
						0
					],
					[
						54375,
						5,
						0
					]
				],
				"altAnim": false,
				"bpm": 176,
				"changeBPM": false,
				"mustHitSection": true
			},
			{
				"lengthInSteps": 16,
				"typeOfSection": 0,
				"sectionNotes": [
					[
						54545.4545454545,
						3,
						0
					],
					[
						54715.909090909,
						0,
						0
					],
					[
						54886.3636363636,
						1,
						0
					],
					[
						55056.8181818181,
						3,
						0
					],
					[
						55227.2727272727,
						2,
						0
					],
					[
						55397.7272727272,
						3,
						0
					],
					[
						55568.1818181818,
						1,
						0
					],
					[
						55738.6363636363,
						0,
						170.454545454545
					]
				],
				"altAnim": false,
				"bpm": 176,
				"changeBPM": false,
				"mustHitSection": false
			},
			{
				"lengthInSteps": 16,
				"typeOfSection": 0,
				"sectionNotes": [
					[
						56079.5454545454,
						1,
						0
					],
					[
						56249.9999999999,
						3,
						0
					],
					[
						56420.4545454545,
						2,
						170.454545454545
					],
					[
						56761.3636363636,
						3,
						0
					],
					[
						56931.8181818181,
						0,
						0
					],
					[
						57102.2727272727,
						2,
						0
					]
				],
				"altAnim": false,
				"bpm": 176,
				"changeBPM": false,
				"mustHitSection": false
			},
			{
				"lengthInSteps": 16,
				"typeOfSection": 0,
				"sectionNotes": [
					[
						57272.7272727272,
						1,
						0
					],
					[
						57613.6363636363,
						1,
						0
					],
					[
						57784.0909090909,
						3,
						0
					],
					[
						58124.9999999999,
						2,
						0
					],
					[
						58295.4545454545,
						0,
						0
					],
					[
						58465.909090909,
						1,
						170.454545454545
					]
				],
				"altAnim": false,
				"bpm": 176,
				"changeBPM": false,
				"mustHitSection": false
			},
			{
				"lengthInSteps": 16,
				"typeOfSection": 0,
				"sectionNotes": [
					[
						58806.8181818181,
						3,
						0
					],
					[
						58977.2727272727,
						0,
						0
					],
					[
						59147.7272727272,
						2,
						0
					],
					[
						59318.1818181818,
						3,
						0
					],
					[
						59488.6363636363,
						2,
						0
					],
					[
						59659.0909090909,
						1,
						0
					],
					[
						59829.5454545454,
						0,
						0
					]
				],
				"altAnim": false,
				"bpm": 176,
				"changeBPM": false,
				"mustHitSection": false
			},
			{
				"lengthInSteps": 16,
				"typeOfSection": 0,
				"sectionNotes": [
					[
						60000,
						3,
						0
					],
					[
						60170.4545454545,
						0,
						0
					],
					[
						60340.909090909,
						1,
						0
					],
					[
						60511.3636363636,
						3,
						0
					],
					[
						60681.8181818181,
						2,
						0
					],
					[
						60852.2727272727,
						3,
						0
					],
					[
						61022.7272727272,
						1,
						0
					],
					[
						61193.1818181818,
						0,
						170.454545454545
					]
				],
				"altAnim": false,
				"bpm": 176,
				"changeBPM": false,
				"mustHitSection": true
			},
			{
				"lengthInSteps": 16,
				"typeOfSection": 0,
				"sectionNotes": [
					[
						61534.0909090909,
						1,
						0
					],
					[
						61704.5454545454,
						3,
						0
					],
					[
						61875,
						2,
						170.454545454545
					],
					[
						62215.909090909,
						3,
						0
					],
					[
						62386.3636363636,
						0,
						0
					],
					[
						62556.8181818181,
						2,
						0
					]
				],
				"altAnim": false,
				"bpm": 176,
				"changeBPM": false,
				"mustHitSection": true
			},
			{
				"lengthInSteps": 16,
				"typeOfSection": 0,
				"sectionNotes": [
					[
						62727.2727272727,
						1,
						0
					],
					[
						63068.1818181818,
						1,
						0
					],
					[
						63238.6363636363,
						3,
						0
					],
					[
						63579.5454545454,
						2,
						0
					],
					[
						63749.9999999999,
						0,
						0
					],
					[
						63920.4545454545,
						1,
						170.454545454545
					]
				],
				"altAnim": false,
				"bpm": 176,
				"changeBPM": false,
				"mustHitSection": true
			},
			{
				"lengthInSteps": 16,
				"typeOfSection": 0,
				"sectionNotes": [
					[
						64261.3636363636,
						3,
						0
					],
					[
						64431.8181818181,
						0,
						0
					],
					[
						64602.2727272727,
						2,
						0
					],
					[
						64772.7272727272,
						3,
						0
					],
					[
						64943.1818181818,
						2,
						0
					],
					[
						65113.6363636363,
						1,
						0
					],
					[
						65284.0909090909,
						0,
						0
					]
				],
				"altAnim": false,
				"bpm": 176,
				"changeBPM": false,
				"mustHitSection": true
			},
			{
				"lengthInSteps": 16,
				"typeOfSection": 0,
				"sectionNotes": [
					[
						65454.5454545454,
						3,
						0
					],
					[
						65625,
						0,
						0
					],
					[
						65795.4545454545,
						1,
						0
					],
					[
						65965.909090909,
						3,
						0
					],
					[
						66136.3636363636,
						2,
						0
					],
					[
						66306.8181818181,
						3,
						0
					],
					[
						66477.2727272727,
						1,
						0
					],
					[
						66647.7272727272,
						0,
						170.454545454545
					]
				],
				"altAnim": false,
				"bpm": 176,
				"changeBPM": false,
				"mustHitSection": false
			},
			{
				"lengthInSteps": 16,
				"typeOfSection": 0,
				"sectionNotes": [
					[
						66988.6363636363,
						1,
						0
					],
					[
						67159.0909090909,
						3,
						0
					],
					[
						67329.5454545454,
						2,
						170.454545454545
					],
					[
						67670.4545454545,
						3,
						0
					],
					[
						67840.909090909,
						0,
						0
					],
					[
						68011.3636363636,
						2,
						0
					]
				],
				"altAnim": false,
				"bpm": 176,
				"changeBPM": false,
				"mustHitSection": false
			},
			{
				"lengthInSteps": 16,
				"typeOfSection": 0,
				"sectionNotes": [
					[
						68181.8181818181,
						1,
						0
					],
					[
						68522.7272727272,
						1,
						0
					],
					[
						68693.1818181818,
						3,
						0
					],
					[
						69034.0909090909,
						2,
						0
					],
					[
						69204.5454545454,
						0,
						0
					],
					[
						69374.9999999999,
						1,
						170.454545454545
					]
				],
				"altAnim": false,
				"bpm": 176,
				"changeBPM": false,
				"mustHitSection": false
			},
			{
				"lengthInSteps": 16,
				"typeOfSection": 0,
				"sectionNotes": [
					[
						69715.909090909,
						3,
						0
					],
					[
						69886.3636363636,
						0,
						0
					],
					[
						70056.8181818181,
						2,
						0
					],
					[
						70227.2727272727,
						3,
						0
					],
					[
						70312.4999999999,
						2,
						0
					],
					[
						70482.9545454545,
						0,
						0
					],
					[
						70568.1818181818,
						2,
						0
					],
					[
						70653.409090909,
						1,
						0
					],
					[
						70738.6363636363,
						2,
						0
					],
					[
						70823.8636363636,
						3,
						0
					],
					[
						70397.7272727272,
						3,
						0
					]
				],
				"altAnim": false,
				"bpm": 176,
				"changeBPM": false,
				"mustHitSection": false
			},
			{
				"lengthInSteps": 16,
				"typeOfSection": 0,
				"sectionNotes": [
					[
						70909.0909090909,
						3,
						0
					],
					[
						71079.5454545454,
						0,
						0
					],
					[
						71250,
						1,
						0
					],
					[
						71420.4545454545,
						3,
						0
					],
					[
						71590.909090909,
						2,
						0
					],
					[
						71761.3636363636,
						3,
						0
					],
					[
						71931.8181818181,
						1,
						0
					],
					[
						72102.2727272727,
						0,
						170.454545454545
					]
				],
				"altAnim": false,
				"bpm": 176,
				"changeBPM": false,
				"mustHitSection": true
			},
			{
				"lengthInSteps": 16,
				"typeOfSection": 0,
				"sectionNotes": [
					[
						72443.1818181818,
						1,
						0
					],
					[
						72613.6363636363,
						3,
						0
					],
					[
						72784.0909090909,
						2,
						170.454545454545
					],
					[
						73125,
						3,
						0
					],
					[
						73295.4545454545,
						0,
						0
					],
					[
						73465.909090909,
						2,
						0
					]
				],
				"altAnim": false,
				"bpm": 176,
				"changeBPM": false,
				"mustHitSection": true
			},
			{
				"lengthInSteps": 16,
				"typeOfSection": 0,
				"sectionNotes": [
					[
						73636.3636363636,
						1,
						0
					],
					[
						73977.2727272727,
						1,
						0
					],
					[
						74147.7272727272,
						3,
						0
					],
					[
						74488.6363636363,
						2,
						0
					],
					[
						74659.0909090909,
						0,
						0
					],
					[
						74829.5454545454,
						1,
						170.454545454545
					]
				],
				"altAnim": false,
				"bpm": 176,
				"changeBPM": false,
				"mustHitSection": true
			},
			{
				"lengthInSteps": 16,
				"typeOfSection": 0,
				"sectionNotes": [
					[
						75170.4545454545,
						3,
						0
					],
					[
						75340.909090909,
						0,
						0
					],
					[
						75511.3636363636,
						2,
						0
					],
					[
						75681.8181818181,
						3,
						0
					],
					[
						75767.0454545454,
						2,
						0
					],
					[
						75937.4999999999,
						0,
						0
					],
					[
						76022.7272727272,
						2,
						0
					],
					[
						76107.9545454545,
						1,
						0
					],
					[
						76193.1818181818,
						2,
						0
					],
					[
						76278.409090909,
						3,
						0
					],
					[
						75852.2727272727,
						3,
						0
					]
				],
				"altAnim": false,
				"bpm": 176,
				"changeBPM": false,
				"mustHitSection": true
			},
			{
				"lengthInSteps": 16,
				"typeOfSection": 0,
				"sectionNotes": [
					[
						76363.6363636364,
						0,
						0
					],
					[
						76534.0909090909,
						2,
						0
					],
					[
						76704.5454545455,
						1,
						0
					],
					[
						76875,
						2,
						0
					],
					[
						77045.4545454545,
						0,
						170.454545454545
					],
					[
						77301.1363636364,
						1,
						0
					],
					[
						77386.3636363636,
						2,
						0
					],
					[
						77556.8181818182,
						3,
						0
					]
				],
				"altAnim": false,
				"bpm": 176,
				"changeBPM": false,
				"mustHitSection": false
			},
			{
				"lengthInSteps": 16,
				"typeOfSection": 0,
				"sectionNotes": [
					[
						77727.2727272727,
						1,
						0
					],
					[
						77897.7272727273,
						3,
						0
					],
					[
						78068.1818181818,
						2,
						0
					],
					[
						78238.6363636364,
						3,
						0
					],
					[
						78409.0909090909,
						0,
						0
					],
					[
						78579.5454545455,
						3,
						0
					],
					[
						78750,
						2,
						0
					],
					[
						78920.4545454545,
						3,
						0
					]
				],
				"altAnim": false,
				"bpm": 176,
				"changeBPM": false,
				"mustHitSection": false
			},
			{
				"lengthInSteps": 16,
				"typeOfSection": 0,
				"sectionNotes": [
					[
						79090.9090909091,
						1,
						0
					],
					[
						79261.3636363636,
						1,
						0
					],
					[
						79431.8181818182,
						2,
						0
					],
					[
						79602.2727272727,
						0,
						0
					],
					[
						79772.7272727273,
						2,
						170.454545454545
					],
					[
						80028.4090909091,
						3,
						0
					],
					[
						80113.6363636364,
						1,
						0
					],
					[
						80284.0909090909,
						0,
						0
					]
				],
				"altAnim": false,
				"bpm": 176,
				"changeBPM": false,
				"mustHitSection": false
			},
			{
				"lengthInSteps": 16,
				"typeOfSection": 0,
				"sectionNotes": [
					[
						80454.5454545454,
						2,
						0
					],
					[
						80625,
						0,
						0
					],
					[
						80795.4545454545,
						1,
						0
					],
					[
						80965.9090909091,
						0,
						0
					],
					[
						81136.3636363636,
						2,
						0
					],
					[
						81306.8181818182,
						1,
						0
					],
					[
						81477.2727272727,
						3,
						0
					],
					[
						81647.7272727273,
						3,
						0
					]
				],
				"altAnim": false,
				"bpm": 176,
				"changeBPM": false,
				"mustHitSection": false
			},
			{
				"lengthInSteps": 16,
				"typeOfSection": 0,
				"sectionNotes": [
					[
						81818.1818181818,
						0,
						0
					],
					[
						82159.0909090909,
						1,
						0
					],
					[
						82329.5454545455,
						2,
						0
					],
					[
						82500,
						0,
						170.454545454545
					],
					[
						82755.6818181818,
						1,
						0
					],
					[
						82840.9090909091,
						2,
						0
					],
					[
						83011.3636363636,
						3,
						0
					],
					[
						81818.1818181818,
						5,
						0
					],
					[
						82073.8636363636,
						4,
						0
					],
					[
						82329.5454545454,
						5,
						0
					],
					[
						82585.2272727273,
						7,
						0
					],
					[
						82840.9090909091,
						5,
						0
					],
					[
						83011.3636363636,
						4,
						0
					]
				],
				"altAnim": false,
				"bpm": 176,
				"changeBPM": false,
				"mustHitSection": false
			},
			{
				"lengthInSteps": 16,
				"typeOfSection": 0,
				"sectionNotes": [
					[
						83181.8181818182,
						1,
						0
					],
					[
						83352.2727272727,
						3,
						0
					],
					[
						83522.7272727273,
						2,
						0
					],
					[
						83693.1818181818,
						3,
						0
					],
					[
						83863.6363636364,
						0,
						0
					],
					[
						84034.0909090909,
						3,
						0
					],
					[
						84204.5454545455,
						2,
						0
					],
					[
						84375,
						3,
						0
					],
					[
						83181.8181818181,
						6,
						0
					],
					[
						83437.5,
						7,
						0
					],
					[
						83693.1818181818,
						6,
						0
					],
					[
						83948.8636363636,
						4,
						0
					],
					[
						84204.5454545454,
						6,
						0
					],
					[
						84375,
						7,
						0
					]
				],
				"altAnim": false,
				"bpm": 176,
				"changeBPM": false,
				"mustHitSection": false
			},
			{
				"lengthInSteps": 16,
				"typeOfSection": 0,
				"sectionNotes": [
					[
						84545.4545454545,
						1,
						0
					],
					[
						84715.9090909091,
						1,
						0
					],
					[
						84886.3636363636,
						2,
						0
					],
					[
						85056.8181818182,
						0,
						0
					],
					[
						85227.2727272727,
						2,
						170.454545454545
					],
					[
						85482.9545454545,
						3,
						0
					],
					[
						85568.1818181818,
						1,
						0
					],
					[
						85738.6363636364,
						0,
						0
					],
					[
						84545.4545454545,
						5,
						0
					],
					[
						84801.1363636363,
						6,
						0
					],
					[
						85056.8181818181,
						5,
						0
					],
					[
						85312.5,
						4,
						0
					],
					[
						85568.1818181818,
						7,
						0
					],
					[
						85738.6363636363,
						4,
						0
					]
				],
				"altAnim": false,
				"bpm": 176,
				"changeBPM": false,
				"mustHitSection": false
			},
			{
				"lengthInSteps": 16,
				"typeOfSection": 0,
				"sectionNotes": [
					[
						85909.0909090909,
						2,
						0
					],
					[
						86079.5454545454,
						0,
						0
					],
					[
						86250,
						1,
						0
					],
					[
						86420.4545454545,
						0,
						0
					],
					[
						86590.9090909091,
						2,
						0
					],
					[
						86761.3636363636,
						1,
						0
					],
					[
						86931.8181818182,
						3,
						0
					],
					[
						87102.2727272727,
						3,
						0
					],
					[
						85909.0909090909,
						6,
						0
					],
					[
						86164.7727272727,
						5,
						0
					],
					[
						86420.4545454545,
						6,
						0
					],
					[
						86676.1363636363,
						7,
						0
					],
					[
						86931.8181818181,
						4,
						0
					],
					[
						87102.2727272727,
						5,
						0
					]
				],
				"altAnim": false,
				"bpm": 176,
				"changeBPM": false,
				"mustHitSection": false
			},
			{
				"lengthInSteps": 16,
				"typeOfSection": 0,
				"sectionNotes": [
					[
						87272.7272727273,
						0,
						0
					],
					[
						87613.6363636364,
						1,
						0
					],
					[
						87784.0909090909,
						2,
						0
					],
					[
						87954.5454545455,
						0,
						170.454545454545
					],
					[
						88210.2272727273,
						1,
						0
					],
					[
						88295.4545454546,
						2,
						0
					],
					[
						88465.9090909091,
						3,
						0
					]
				],
				"altAnim": false,
				"bpm": 176,
				"changeBPM": false,
				"mustHitSection": true
			},
			{
				"lengthInSteps": 16,
				"typeOfSection": 0,
				"sectionNotes": [
					[
						88636.3636363636,
						1,
						0
					],
					[
						88806.8181818182,
						3,
						0
					],
					[
						88977.2727272727,
						2,
						0
					],
					[
						89147.7272727273,
						3,
						0
					],
					[
						89318.1818181818,
						0,
						0
					],
					[
						89488.6363636364,
						3,
						0
					],
					[
						89659.0909090909,
						2,
						0
					],
					[
						89829.5454545455,
						3,
						0
					]
				],
				"altAnim": false,
				"bpm": 176,
				"changeBPM": false,
				"mustHitSection": true
			},
			{
				"lengthInSteps": 16,
				"typeOfSection": 0,
				"sectionNotes": [
					[
						90000,
						1,
						0
					],
					[
						90170.4545454545,
						1,
						0
					],
					[
						90340.9090909091,
						2,
						0
					],
					[
						90511.3636363636,
						0,
						0
					],
					[
						90681.8181818182,
						2,
						170.454545454545
					],
					[
						90937.5,
						3,
						0
					],
					[
						91022.7272727273,
						1,
						0
					],
					[
						91193.1818181818,
						0,
						0
					]
				],
				"altAnim": false,
				"bpm": 176,
				"changeBPM": false,
				"mustHitSection": true
			},
			{
				"lengthInSteps": 16,
				"typeOfSection": 0,
				"sectionNotes": [
					[
						91363.6363636364,
						2,
						0
					],
					[
						91534.0909090909,
						0,
						0
					],
					[
						91704.5454545454,
						1,
						0
					],
					[
						91875,
						0,
						0
					],
					[
						92045.4545454545,
						2,
						0
					],
					[
						92215.9090909091,
						1,
						0
					],
					[
						92386.3636363636,
						3,
						0
					],
					[
						92556.8181818182,
						3,
						0
					]
				],
				"altAnim": false,
				"bpm": 176,
				"changeBPM": false,
				"mustHitSection": true
			},
			{
				"lengthInSteps": 16,
				"typeOfSection": 0,
				"sectionNotes": [
					[
						92727.2727272727,
						0,
						0
					],
					[
						93068.1818181818,
						1,
						0
					],
					[
						93238.6363636364,
						2,
						0
					],
					[
						93409.0909090909,
						0,
						170.454545454545
					],
					[
						93664.7727272727,
						1,
						0
					],
					[
						93750,
						2,
						0
					],
					[
						93920.4545454546,
						3,
						0
					],
					[
						92727.2727272727,
						5,
						0
					],
					[
						92982.9545454545,
						4,
						0
					],
					[
						93238.6363636364,
						5,
						0
					],
					[
						93494.3181818182,
						7,
						0
					],
					[
						93750,
						5,
						0
					],
					[
						93920.4545454545,
						4,
						0
					]
				],
				"altAnim": false,
				"bpm": 176,
				"changeBPM": false,
				"mustHitSection": true
			},
			{
				"lengthInSteps": 16,
				"typeOfSection": 0,
				"sectionNotes": [
					[
						94090.9090909091,
						1,
						0
					],
					[
						94261.3636363636,
						3,
						0
					],
					[
						94431.8181818182,
						2,
						0
					],
					[
						94602.2727272727,
						3,
						0
					],
					[
						94772.7272727273,
						0,
						0
					],
					[
						94943.1818181818,
						3,
						0
					],
					[
						95113.6363636364,
						2,
						0
					],
					[
						95284.0909090909,
						3,
						0
					],
					[
						94090.9090909091,
						6,
						0
					],
					[
						94346.5909090909,
						7,
						0
					],
					[
						94602.2727272727,
						6,
						0
					],
					[
						94857.9545454545,
						4,
						0
					],
					[
						95113.6363636363,
						6,
						0
					],
					[
						95284.0909090909,
						7,
						0
					]
				],
				"altAnim": false,
				"bpm": 176,
				"changeBPM": false,
				"mustHitSection": true
			},
			{
				"lengthInSteps": 16,
				"typeOfSection": 0,
				"sectionNotes": [
					[
						95454.5454545455,
						1,
						0
					],
					[
						95625,
						1,
						0
					],
					[
						95795.4545454545,
						2,
						0
					],
					[
						95965.9090909091,
						0,
						0
					],
					[
						96136.3636363636,
						2,
						170.454545454545
					],
					[
						96392.0454545455,
						3,
						0
					],
					[
						96477.2727272727,
						1,
						0
					],
					[
						96647.7272727273,
						0,
						0
					],
					[
						95454.5454545454,
						5,
						0
					],
					[
						95710.2272727272,
						6,
						0
					],
					[
						95965.9090909091,
						5,
						0
					],
					[
						96221.5909090909,
						4,
						0
					],
					[
						96477.2727272727,
						7,
						0
					],
					[
						96647.7272727272,
						4,
						0
					]
				],
				"altAnim": false,
				"bpm": 176,
				"changeBPM": false,
				"mustHitSection": true
			},
			{
				"lengthInSteps": 16,
				"typeOfSection": 0,
				"sectionNotes": [
					[
						96818.1818181818,
						2,
						0
					],
					[
						96988.6363636364,
						0,
						0
					],
					[
						97159.0909090909,
						1,
						0
					],
					[
						97329.5454545455,
						0,
						0
					],
					[
						97500,
						2,
						0
					],
					[
						97670.4545454545,
						1,
						0
					],
					[
						97840.9090909091,
						3,
						0
					],
					[
						98011.3636363636,
						3,
						0
					],
					[
						96818.1818181818,
						6,
						0
					],
					[
						97073.8636363636,
						5,
						0
					],
					[
						97329.5454545454,
						6,
						0
					],
					[
						97585.2272727272,
						7,
						0
					],
					[
						97840.9090909091,
						4,
						0
					],
					[
						98011.3636363636,
						5,
						0
					]
				],
				"altAnim": false,
				"bpm": 176,
				"changeBPM": false,
				"mustHitSection": true
			},
			{
				"lengthInSteps": 16,
				"typeOfSection": 0,
				"sectionNotes": [
					[
						98181.8181818181,
						3,
						0
					],
					[
						98352.2727272727,
						0,
						0
					],
					[
						98522.7272727272,
						1,
						0
					],
					[
						98693.1818181818,
						3,
						0
					],
					[
						98863.6363636363,
						2,
						0
					],
					[
						99034.0909090909,
						3,
						0
					],
					[
						99204.5454545454,
						1,
						0
					],
					[
						99374.9999999999,
						0,
						170.454545454545
					]
				],
				"altAnim": false,
				"bpm": 176,
				"changeBPM": false,
				"mustHitSection": false
			},
			{
				"lengthInSteps": 16,
				"typeOfSection": 0,
				"sectionNotes": [
					[
						99715.909090909,
						1,
						0
					],
					[
						99886.3636363636,
						3,
						0
					],
					[
						100056.818181818,
						2,
						170.454545454545
					],
					[
						100397.727272727,
						3,
						0
					],
					[
						100568.181818182,
						0,
						0
					],
					[
						100738.636363636,
						2,
						0
					]
				],
				"altAnim": false,
				"bpm": 176,
				"changeBPM": false,
				"mustHitSection": false
			},
			{
				"lengthInSteps": 16,
				"typeOfSection": 0,
				"sectionNotes": [
					[
						100909.090909091,
						1,
						0
					],
					[
						101250,
						1,
						0
					],
					[
						101420.454545455,
						3,
						0
					],
					[
						101761.363636364,
						2,
						0
					],
					[
						101931.818181818,
						0,
						0
					],
					[
						102102.272727273,
						1,
						170.454545454545
					]
				],
				"altAnim": false,
				"bpm": 176,
				"changeBPM": false,
				"mustHitSection": false
			},
			{
				"lengthInSteps": 16,
				"typeOfSection": 0,
				"sectionNotes": [
					[
						102443.181818182,
						3,
						0
					],
					[
						102613.636363636,
						0,
						0
					],
					[
						102784.090909091,
						2,
						0
					],
					[
						102954.545454545,
						3,
						0
					],
					[
						103125,
						2,
						0
					],
					[
						103295.454545454,
						1,
						0
					],
					[
						103465.909090909,
						0,
						0
					]
				],
				"altAnim": false,
				"bpm": 176,
				"changeBPM": false,
				"mustHitSection": false
			},
			{
				"lengthInSteps": 16,
				"typeOfSection": 0,
				"sectionNotes": [
					[
						103636.363636364,
						3,
						0
					],
					[
						103806.818181818,
						0,
						0
					],
					[
						103977.272727273,
						1,
						0
					],
					[
						104147.727272727,
						3,
						0
					],
					[
						104318.181818182,
						2,
						0
					],
					[
						104488.636363636,
						3,
						0
					],
					[
						104659.090909091,
						1,
						0
					],
					[
						104829.545454545,
						0,
						170.454545454545
					]
				],
				"altAnim": false,
				"bpm": 176,
				"changeBPM": false,
				"mustHitSection": false
			},
			{
				"lengthInSteps": 16,
				"typeOfSection": 0,
				"sectionNotes": [
					[
						105170.454545454,
						1,
						0
					],
					[
						105340.909090909,
						3,
						0
					],
					[
						105511.363636364,
						2,
						170.454545454545
					],
					[
						105852.272727273,
						3,
						0
					],
					[
						106022.727272727,
						0,
						0
					],
					[
						106193.181818182,
						2,
						0
					]
				],
				"altAnim": false,
				"bpm": 176,
				"changeBPM": false,
				"mustHitSection": false
			},
			{
				"lengthInSteps": 16,
				"typeOfSection": 0,
				"sectionNotes": [
					[
						106363.636363636,
						1,
						0
					],
					[
						106704.545454545,
						1,
						0
					],
					[
						106875,
						3,
						0
					],
					[
						107215.909090909,
						2,
						0
					],
					[
						107386.363636364,
						0,
						0
					],
					[
						107556.818181818,
						1,
						170.454545454545
					]
				],
				"altAnim": false,
				"bpm": 176,
				"changeBPM": false,
				"mustHitSection": false
			},
			{
				"lengthInSteps": 16,
				"typeOfSection": 0,
				"sectionNotes": [
					[
						107897.727272727,
						3,
						0
					],
					[
						108068.181818182,
						0,
						0
					],
					[
						108238.636363636,
						2,
						0
					],
					[
						108409.090909091,
						3,
						0
					],
					[
						108494.318181818,
						2,
						0
					],
					[
						108664.772727273,
						0,
						0
					],
					[
						108750,
						2,
						0
					],
					[
						108835.227272727,
						1,
						0
					],
					[
						108920.454545454,
						2,
						0
					],
					[
						109005.681818182,
						3,
						0
					],
					[
						108579.545454545,
						3,
						0
					]
				],
				"altAnim": false,
				"bpm": 176,
				"changeBPM": false,
				"mustHitSection": false
			},
			{
				"lengthInSteps": 16,
				"typeOfSection": 0,
				"sectionNotes": [
					[
						109090.909090909,
						3,
						0
					],
					[
						109261.363636364,
						0,
						0
					],
					[
						109431.818181818,
						1,
						0
					],
					[
						109602.272727273,
						3,
						0
					],
					[
						109772.727272727,
						2,
						0
					],
					[
						109943.181818182,
						3,
						0
					],
					[
						110113.636363636,
						1,
						0
					],
					[
						110284.090909091,
						0,
						170.454545454545
					]
				],
				"altAnim": false,
				"bpm": 176,
				"changeBPM": false,
				"mustHitSection": true
			},
			{
				"lengthInSteps": 16,
				"typeOfSection": 0,
				"sectionNotes": [
					[
						110625,
						1,
						0
					],
					[
						110795.454545454,
						3,
						0
					],
					[
						110965.909090909,
						2,
						170.454545454545
					],
					[
						111306.818181818,
						3,
						0
					],
					[
						111477.272727273,
						0,
						0
					],
					[
						111647.727272727,
						2,
						0
					]
				],
				"altAnim": false,
				"bpm": 176,
				"changeBPM": false,
				"mustHitSection": true
			},
			{
				"lengthInSteps": 16,
				"typeOfSection": 0,
				"sectionNotes": [
					[
						111818.181818182,
						1,
						0
					],
					[
						112159.090909091,
						1,
						0
					],
					[
						112329.545454545,
						3,
						0
					],
					[
						112670.454545454,
						2,
						0
					],
					[
						112840.909090909,
						0,
						0
					],
					[
						113011.363636364,
						1,
						170.454545454545
					]
				],
				"altAnim": false,
				"bpm": 176,
				"changeBPM": false,
				"mustHitSection": true
			},
			{
				"lengthInSteps": 16,
				"typeOfSection": 0,
				"sectionNotes": [
					[
						113352.272727273,
						3,
						0
					],
					[
						113522.727272727,
						0,
						0
					],
					[
						113693.181818182,
						2,
						0
					],
					[
						113863.636363636,
						3,
						0
					],
					[
						114034.090909091,
						2,
						0
					],
					[
						114204.545454545,
						1,
						0
					],
					[
						114375,
						0,
						0
					]
				],
				"altAnim": false,
				"bpm": 176,
				"changeBPM": false,
				"mustHitSection": true
			},
			{
				"lengthInSteps": 16,
				"typeOfSection": 0,
				"sectionNotes": [
					[
						114545.454545455,
						3,
						0
					],
					[
						114715.909090909,
						0,
						0
					],
					[
						114886.363636364,
						1,
						0
					],
					[
						115056.818181818,
						3,
						0
					],
					[
						115227.272727273,
						2,
						0
					],
					[
						115397.727272727,
						3,
						0
					],
					[
						115568.181818182,
						1,
						0
					],
					[
						115738.636363636,
						0,
						170.454545454545
					]
				],
				"altAnim": false,
				"bpm": 176,
				"changeBPM": false,
				"mustHitSection": true
			},
			{
				"lengthInSteps": 16,
				"typeOfSection": 0,
				"sectionNotes": [
					[
						116079.545454545,
						1,
						0
					],
					[
						116250,
						3,
						0
					],
					[
						116420.454545455,
						2,
						170.454545454545
					],
					[
						116761.363636364,
						3,
						0
					],
					[
						116931.818181818,
						0,
						0
					],
					[
						117102.272727273,
						2,
						0
					]
				],
				"altAnim": false,
				"bpm": 176,
				"changeBPM": false,
				"mustHitSection": true
			},
			{
				"lengthInSteps": 16,
				"typeOfSection": 0,
				"sectionNotes": [
					[
						117272.727272727,
						1,
						0
					],
					[
						117613.636363636,
						1,
						0
					],
					[
						117784.090909091,
						3,
						0
					],
					[
						118125,
						2,
						0
					],
					[
						118295.454545454,
						0,
						0
					],
					[
						118465.909090909,
						1,
						170.454545454545
					]
				],
				"altAnim": false,
				"bpm": 176,
				"changeBPM": false,
				"mustHitSection": true
			},
			{
				"lengthInSteps": 16,
				"typeOfSection": 0,
				"sectionNotes": [
					[
						118806.818181818,
						3,
						0
					],
					[
						118977.272727273,
						0,
						0
					],
					[
						119147.727272727,
						2,
						0
					],
					[
						119318.181818182,
						3,
						0
					],
					[
						119403.409090909,
						2,
						0
					],
					[
						119573.863636364,
						0,
						0
					],
					[
						119659.090909091,
						2,
						0
					],
					[
						119744.318181818,
						1,
						0
					],
					[
						119829.545454545,
						2,
						0
					],
					[
						119914.772727273,
						3,
						0
					],
					[
						119488.636363636,
						3,
						0
					]
				],
				"altAnim": false,
				"bpm": 176,
				"changeBPM": false,
				"mustHitSection": true
			},
			{
				"lengthInSteps": 16,
				"typeOfSection": 0,
				"sectionNotes": [
					[
						120000,
						2,
						170.454545454545
					],
					[
						120340.909090909,
						2,
						0
					],
					[
						120511.363636364,
						0,
						0
					],
					[
						120681.818181818,
						1,
						0
					],
					[
						120852.272727273,
						0,
						0
					],
					[
						121193.181818182,
						3,
						170.454545454545
					]
				],
				"altAnim": false,
				"bpm": 176,
				"changeBPM": false,
				"mustHitSection": false
			},
			{
				"lengthInSteps": 16,
				"typeOfSection": 0,
				"sectionNotes": [
					[
						121534.090909091,
						2,
						0
					],
					[
						121704.545454545,
						0,
						0
					],
					[
						121875,
						3,
						170.454545454545
					],
					[
						122215.909090909,
						2,
						0
					],
					[
						122386.363636364,
						3,
						0
					],
					[
						122556.818181818,
						1,
						0
					]
				],
				"altAnim": false,
				"bpm": 176,
				"changeBPM": false,
				"mustHitSection": false
			},
			{
				"lengthInSteps": 16,
				"typeOfSection": 0,
				"sectionNotes": [
					[
						122727.272727273,
						2,
						170.454545454545
					],
					[
						123068.181818182,
						0,
						170.454545454545
					],
					[
						123409.090909091,
						3,
						0
					],
					[
						123579.545454545,
						2,
						0
					],
					[
						123920.454545455,
						1,
						170.454545454545
					]
				],
				"altAnim": false,
				"bpm": 176,
				"changeBPM": false,
				"mustHitSection": false
			},
			{
				"lengthInSteps": 16,
				"typeOfSection": 0,
				"sectionNotes": [
					[
						124261.363636364,
						2,
						0
					],
					[
						124431.818181818,
						0,
						0
					],
					[
						124602.272727273,
						2,
						170.454545454545
					],
					[
						124943.181818182,
						1,
						0
					],
					[
						125113.636363636,
						3,
						0
					],
					[
						125284.090909091,
						0,
						0
					]
				],
				"altAnim": false,
				"bpm": 176,
				"changeBPM": false,
				"mustHitSection": false
			},
			{
				"lengthInSteps": 16,
				"typeOfSection": 0,
				"sectionNotes": [
					[
						125454.545454545,
						2,
						170.454545454545
					],
					[
						125795.454545455,
						2,
						0
					],
					[
						125965.909090909,
						0,
						0
					],
					[
						126136.363636364,
						1,
						0
					],
					[
						126306.818181818,
						0,
						0
					],
					[
						126647.727272727,
						3,
						170.454545454545
					]
				],
				"altAnim": false,
				"bpm": 176,
				"changeBPM": false,
				"mustHitSection": true
			},
			{
				"lengthInSteps": 16,
				"typeOfSection": 0,
				"sectionNotes": [
					[
						126988.636363636,
						2,
						0
					],
					[
						127159.090909091,
						0,
						0
					],
					[
						127329.545454545,
						3,
						170.454545454545
					],
					[
						127670.454545455,
						2,
						0
					],
					[
						127840.909090909,
						3,
						0
					],
					[
						128011.363636364,
						1,
						0
					]
				],
				"altAnim": false,
				"bpm": 176,
				"changeBPM": false,
				"mustHitSection": true
			},
			{
				"lengthInSteps": 16,
				"typeOfSection": 0,
				"sectionNotes": [
					[
						128181.818181818,
						2,
						170.454545454545
					],
					[
						128522.727272727,
						0,
						170.454545454545
					],
					[
						128863.636363636,
						3,
						0
					],
					[
						129034.090909091,
						2,
						0
					],
					[
						129375,
						1,
						170.454545454545
					]
				],
				"altAnim": false,
				"bpm": 176,
				"changeBPM": false,
				"mustHitSection": true
			},
			{
				"lengthInSteps": 16,
				"typeOfSection": 0,
				"sectionNotes": [
					[
						129715.909090909,
						2,
						0
					],
					[
						129886.363636364,
						0,
						0
					],
					[
						130056.818181818,
						2,
						170.454545454545
					],
					[
						130397.727272727,
						1,
						0
					],
					[
						130568.181818182,
						3,
						0
					],
					[
						130738.636363636,
						0,
						0
					]
				],
				"altAnim": false,
				"bpm": 176,
				"changeBPM": false,
				"mustHitSection": true
			},
			{
				"lengthInSteps": 16,
				"typeOfSection": 0,
				"sectionNotes": [],
				"altAnim": false,
				"bpm": 176,
				"changeBPM": false,
				"mustHitSection": true
			},
			{
				"lengthInSteps": 16,
				"typeOfSection": 0,
				"sectionNotes": [],
				"altAnim": false,
				"bpm": 176,
				"changeBPM": false,
				"mustHitSection": true
			},
			{
				"lengthInSteps": 16,
				"typeOfSection": 0,
				"sectionNotes": [],
				"altAnim": false,
				"bpm": 176,
				"changeBPM": false,
				"mustHitSection": true
			},
			{
				"sectionNotes": [],
				"typeOfSection": 0,
				"lengthInSteps": 16,
				"altAnim": false,
				"mustHitSection": true,
				"changeBPM": false,
				"bpm": 176
			},
			{
				"gfSection": false,
				"lengthInSteps": 16,
				"altAnim": false,
				"typeOfSection": 0,
				"sectionNotes": [],
				"bpm": 176,
				"changeBPM": false,
				"mustHitSection": true
			},
			{
				"gfSection": false,
				"lengthInSteps": 16,
				"altAnim": false,
				"typeOfSection": 0,
				"sectionNotes": [],
				"bpm": 176,
				"changeBPM": false,
				"mustHitSection": true
			}
		],
		"player2": "sans",
		"player3": "gf-pixel",
		"song": "Bit-Bone",
		"stage": "out",
		"needsVoices": true,
		"validScore": true,
		"bpm": 176,
		"speed": 2.6
	}
}